<?xml version="1.0" ?>
<QReport xmlns="http://xmlns.ec.eu/BusinessObjects/CBAM/Types/V1">
	<SubmissionDate>2024-01-22T00:00:00Z</SubmissionDate>
	<DraftReportId>DraftReportId</DraftReportId>
	<ReportId>ReportId</ReportId>
	<ReportingPeriod>Q4</ReportingPeriod>
	<Year>2023</Year>
	<TotalImported>1000</TotalImported>
	<TotalEmissions>1</TotalEmissions>
	<Declarant>
		<IdentificationNumber>NLTEST</IdentificationNumber>
		<Name>Allison Transmission Europe B.V. (Netherlands)</Name>
		<Role>01</Role>
		<ActorAddress>
			<Country>NL</Country>
			<City>Sliedrecht</City>
		</ActorAddress>
	</Declarant>
	<Importer>
		<IdentificationNumber>NLTEST</IdentificationNumber>
		<Name>Allison Transmission Europe B.V. (Netherlands)</Name>
		<ImporterAddress>
			<Country>NL</Country>
			<City>Sliedrecht</City>
		</ImporterAddress>
	</Importer>
	<NationalCompetentAuth>
		<ReferenceNumber>NL1000</ReferenceNumber>
	</NationalCompetentAuth>
	<Signatures>
		<ReportConfirmation>
			<GlobalDataConfirmation>1</GlobalDataConfirmation>
			<UseOfDataConfirmation>1</UseOfDataConfirmation>
			<SignatureDate>12252023</SignatureDate>
			<SignaturePlace>Indianapolis, IN, USA</SignaturePlace>
			<Signature>Glenda Hernandez</Signature>
			<PositionOfPersonSending>Director of Sustainability and ESG Strategy</PositionOfPersonSending>
		</ReportConfirmation>
		<ApplicableMethdologyConfirmation>
			<OtherApplicableReportingMethodology>1</OtherApplicableReportingMethodology>
		</ApplicableMethdologyConfirmation>
	</Signatures>
	<ImportedGood>
		<ItemNumber>1</ItemNumber>
		<CommodityCode>
			<HsCode>730792</HsCode>
			<CnCode>90</CnCode>
			<CommodityDetails>
				<Description>Tube or pipe fittings (for example, couplings, elbows, sleeves), of iron or steel</Description>
			</CommodityDetails>
		</CommodityCode>
		<OriginCountry>
			<Country>US</Country>
		</OriginCountry>
		<ImportedQuantity>
			<SequenceNumber>1</SequenceNumber>
			<Procedure>
				<RequestedProc>01</RequestedProc>
			</Procedure>
			<ImportArea>
				<ImportArea>EU</ImportArea>
			</ImportArea>
			<MeasureProcedureImported>
				<Indicator>01</Indicator>
				<NetMass>5</NetMass>
				<MeasurementUnit>01</MeasurementUnit>
			</MeasureProcedureImported>
		</ImportedQuantity>
		<MeasureImported>
			<NetMass>0.5</NetMass>
			<MeasurementUnit>01</MeasurementUnit>
		</MeasureImported>
		<TotalEmissions>
			<EmissionsPerUnit>5</EmissionsPerUnit>
			<OverallEmissions>5</OverallEmissions>
			<TotalDirect>5</TotalDirect>
			<TotalIndirect>5</TotalIndirect>
			<MeasurementUnit>01</MeasurementUnit>
		</TotalEmissions>
		<GoodsEmissions>
			<SequenceNumber>1</SequenceNumber>
			<ProductionCountry>US</ProductionCountry>
			<InstallationOperator>
				<OperatorId>H0159</OperatorId>
				<OperatorName>Name 1</OperatorName>
				<OperatorAddress>
					<Country>US</Country>
					<City>City 1</City>
				</OperatorAddress>
				<ContactDetails>
					<Name>Name 1</Name>
					<Phone>201-111-1111</Phone>
					<Email>email 1</Email>
				</ContactDetails>
			</InstallationOperator>
			<ProducedMeasure>
				<NetMass>5</NetMass>
				<MeasurementUnit>01</MeasurementUnit>
			</ProducedMeasure>
			<InstallationEmissions>
				<OverallEmissions>5</OverallEmissions>
				<TotalDirect>5</TotalDirect>
				<TotalIndirect>5</TotalIndirect>
				<MeasurementUnit>kg</MeasurementUnit>
			</InstallationEmissions>
			<DirectEmissions>
				<DeterminationType>02</DeterminationType>
				<ApplicableReportingTypeMethodology>TOM01</ApplicableReportingTypeMethodology>
				<MeasurementUnit>01</MeasurementUnit>
			</DirectEmissions>
			<IndirectEmissions>
				<DeterminationType>02</DeterminationType>
				<SpecificEmbeddedEmissions>0.28</SpecificEmbeddedEmissions>
				<MeasurementUnit>01</MeasurementUnit>
				<ElectricitySource>SOE03</ElectricitySource>
			</IndirectEmissions>
			<ProdMethodQualifyingParams>
				<SequenceNumber>1</SequenceNumber>
				<MethodId>P34</MethodId>
				<MethodName>Iron or steel products</MethodName>
			</ProdMethodQualifyingParams>
		</GoodsEmissions>
	</ImportedGood>
	<ImportedGood>
		<ItemNumber>2</ItemNumber>
		<CommodityCode>
			<HsCode>730792</HsCode>
			<CnCode>90</CnCode>
			<CommodityDetails>
				<Description>Tube or pipe fittings (for example, couplings, elbows, sleeves), of iron or steel</Description>
			</CommodityDetails>
		</CommodityCode>
		<OriginCountry>
			<Country>US</Country>
		</OriginCountry>
		<ImportedQuantity>
			<SequenceNumber>2</SequenceNumber>
			<Procedure>
				<RequestedProc>01</RequestedProc>
			</Procedure>
			<ImportArea>
				<ImportArea>EU</ImportArea>
			</ImportArea>
			<MeasureProcedureImported>
				<Indicator>01</Indicator>
				<NetMass>5</NetMass>
				<MeasurementUnit>01</MeasurementUnit>
			</MeasureProcedureImported>
		</ImportedQuantity>
		<MeasureImported>
			<NetMass>0.0013</NetMass>
			<MeasurementUnit>01</MeasurementUnit>
		</MeasureImported>
		<TotalEmissions>
			<EmissionsPerUnit>5</EmissionsPerUnit>
			<OverallEmissions>5</OverallEmissions>
			<TotalDirect>5</TotalDirect>
			<TotalIndirect>5</TotalIndirect>
			<MeasurementUnit>01</MeasurementUnit>
		</TotalEmissions>
		<GoodsEmissions>
			<SequenceNumber>2</SequenceNumber>
			<ProductionCountry>US</ProductionCountry>
			<InstallationOperator>
				<OperatorId>Q081</OperatorId>
				<OperatorName>Name 2</OperatorName>
				<OperatorAddress>
					<Country>US</Country>
					<City>City 2</City>
				</OperatorAddress>
				<ContactDetails>
					<Name>Name 2</Name>
					<Phone>201-111-1112</Phone>
					<Email>email 2</Email>
				</ContactDetails>
			</InstallationOperator>
			<ProducedMeasure>
				<NetMass>0.5</NetMass>
				<MeasurementUnit>01</MeasurementUnit>
			</ProducedMeasure>
			<InstallationEmissions>
				<OverallEmissions>5</OverallEmissions>
				<TotalDirect>5</TotalDirect>
				<TotalIndirect>5</TotalIndirect>
				<MeasurementUnit>g</MeasurementUnit>
			</InstallationEmissions>
			<DirectEmissions>
				<DeterminationType>02</DeterminationType>
				<ApplicableReportingTypeMethodology>TOM01</ApplicableReportingTypeMethodology>
				<MeasurementUnit>01</MeasurementUnit>
			</DirectEmissions>
			<IndirectEmissions>
				<DeterminationType>02</DeterminationType>
				<SpecificEmbeddedEmissions>0.28</SpecificEmbeddedEmissions>
				<MeasurementUnit>01</MeasurementUnit>
				<ElectricitySource>SOE03</ElectricitySource>
			</IndirectEmissions>
			<ProdMethodQualifyingParams>
				<SequenceNumber>2</SequenceNumber>
				<MethodId>P34</MethodId>
				<MethodName>Iron or steel products</MethodName>
			</ProdMethodQualifyingParams>
		</GoodsEmissions>
	</ImportedGood>
	<ImportedGood>
		<ItemNumber>3</ItemNumber>
		<CommodityCode>
			<HsCode>731815</HsCode>
			<CnCode>88</CnCode>
			<CommodityDetails>
				<Description>Other screws and bolts, whether or not with their nuts or washers</Description>
			</CommodityDetails>
		</CommodityCode>
		<OriginCountry>
			<Country>US</Country>
		</OriginCountry>
		<ImportedQuantity>
			<SequenceNumber>3</SequenceNumber>
			<Procedure>
				<RequestedProc>01</RequestedProc>
			</Procedure>
			<ImportArea>
				<ImportArea>EU</ImportArea>
			</ImportArea>
			<MeasureProcedureImported>
				<Indicator>01</Indicator>
				<NetMass>5</NetMass>
				<MeasurementUnit>01</MeasurementUnit>
			</MeasureProcedureImported>
		</ImportedQuantity>
		<MeasureImported>
			<NetMass>0.0002</NetMass>
			<MeasurementUnit>01</MeasurementUnit>
		</MeasureImported>
		<TotalEmissions>
			<EmissionsPerUnit>5</EmissionsPerUnit>
			<OverallEmissions>5</OverallEmissions>
			<TotalDirect>5</TotalDirect>
			<TotalIndirect>5</TotalIndirect>
			<MeasurementUnit>01</MeasurementUnit>
		</TotalEmissions>
		<GoodsEmissions>
			<SequenceNumber>3</SequenceNumber>
			<ProductionCountry>US</ProductionCountry>
			<InstallationOperator>
				<OperatorId>S0393</OperatorId>
				<OperatorName>Name 3</OperatorName>
				<OperatorAddress>
					<Country>US</Country>
					<City>City 3</City>
				</OperatorAddress>
				<ContactDetails>
					<Name>Name 3</Name>
					<Phone>201-111-1113</Phone>
					<Email>email 3</Email>
				</ContactDetails>
			</InstallationOperator>
			<ProducedMeasure>
				<NetMass>5</NetMass>
				<MeasurementUnit>01</MeasurementUnit>
			</ProducedMeasure>
			<InstallationEmissions>
				<OverallEmissions>5</OverallEmissions>
				<TotalDirect>5</TotalDirect>
				<TotalIndirect>5</TotalIndirect>
				<MeasurementUnit>g</MeasurementUnit>
			</InstallationEmissions>
			<DirectEmissions>
				<DeterminationType>02</DeterminationType>
				<ApplicableReportingTypeMethodology>TOM01</ApplicableReportingTypeMethodology>
				<MeasurementUnit>01</MeasurementUnit>
			</DirectEmissions>
			<IndirectEmissions>
				<DeterminationType>02</DeterminationType>
				<SpecificEmbeddedEmissions>0.32</SpecificEmbeddedEmissions>
				<MeasurementUnit>01</MeasurementUnit>
				<ElectricitySource>SOE03</ElectricitySource>
			</IndirectEmissions>
			<ProdMethodQualifyingParams>
				<SequenceNumber>3</SequenceNumber>
				<MethodId>P34</MethodId>
				<MethodName>Iron or steel products</MethodName>
			</ProdMethodQualifyingParams>
		</GoodsEmissions>
	</ImportedGood>
	<ImportedGood>
		<ItemNumber>4</ItemNumber>
		<CommodityCode>
			<HsCode>731815</HsCode>
			<CnCode>95</CnCode>
			<CommodityDetails>
				<Description>Other screws and bolts, whether or not with their nuts or washers</Description>
			</CommodityDetails>
		</CommodityCode>
		<OriginCountry>
			<Country>US</Country>
		</OriginCountry>
		<ImportedQuantity>
			<SequenceNumber>4</SequenceNumber>
			<Procedure>
				<RequestedProc>01</RequestedProc>
			</Procedure>
			<ImportArea>
				<ImportArea>EU</ImportArea>
			</ImportArea>
			<MeasureProcedureImported>
				<Indicator>01</Indicator>
				<NetMass>5</NetMass>
				<MeasurementUnit>01</MeasurementUnit>
			</MeasureProcedureImported>
		</ImportedQuantity>
		<MeasureImported>
			<NetMass>0.0013</NetMass>
			<MeasurementUnit>01</MeasurementUnit>
		</MeasureImported>
		<TotalEmissions>
			<EmissionsPerUnit>5</EmissionsPerUnit>
			<OverallEmissions>5</OverallEmissions>
			<TotalDirect>5</TotalDirect>
			<TotalIndirect>5</TotalIndirect>
			<MeasurementUnit>01</MeasurementUnit>
		</TotalEmissions>
		<GoodsEmissions>
			<SequenceNumber>4</SequenceNumber>
			<ProductionCountry>US</ProductionCountry>
			<InstallationOperator>
				<OperatorId>A0482</OperatorId>
				<OperatorName>Name 4</OperatorName>
				<OperatorAddress>
					<Country>US</Country>
					<City>City 4</City>
				</OperatorAddress>
				<ContactDetails>
					<Name>Name 4</Name>
					<Phone>201-111-1114</Phone>
					<Email>email 4</Email>
				</ContactDetails>
			</InstallationOperator>
			<ProducedMeasure>
				<NetMass>5</NetMass>
				<MeasurementUnit>01</MeasurementUnit>
			</ProducedMeasure>
			<InstallationEmissions>
				<OverallEmissions>5</OverallEmissions>
				<TotalDirect>5</TotalDirect>
				<TotalIndirect>5</TotalIndirect>
				<MeasurementUnit>g</MeasurementUnit>
			</InstallationEmissions>
			<DirectEmissions>
				<DeterminationType>02</DeterminationType>
				<ApplicableReportingTypeMethodology>TOM01</ApplicableReportingTypeMethodology>
				<MeasurementUnit>01</MeasurementUnit>
			</DirectEmissions>
			<IndirectEmissions>
				<DeterminationType>02</DeterminationType>
				<SpecificEmbeddedEmissions>0.32</SpecificEmbeddedEmissions>
				<MeasurementUnit>01</MeasurementUnit>
				<ElectricitySource>SOE03</ElectricitySource>
			</IndirectEmissions>
			<ProdMethodQualifyingParams>
				<SequenceNumber>4</SequenceNumber>
				<MethodId>P34</MethodId>
				<MethodName>Iron or steel products</MethodName>
			</ProdMethodQualifyingParams>
		</GoodsEmissions>
	</ImportedGood>
	<ImportedGood>
		<ItemNumber>5</ItemNumber>
		<CommodityCode>
			<HsCode>731815</HsCode>
			<CnCode>95</CnCode>
			<CommodityDetails>
				<Description>Other screws and bolts, whether or not with their nuts or washers</Description>
			</CommodityDetails>
		</CommodityCode>
		<OriginCountry>
			<Country>US</Country>
		</OriginCountry>
		<ImportedQuantity>
			<SequenceNumber>5</SequenceNumber>
			<Procedure>
				<RequestedProc>01</RequestedProc>
			</Procedure>
			<ImportArea>
				<ImportArea>EU</ImportArea>
			</ImportArea>
			<MeasureProcedureImported>
				<Indicator>01</Indicator>
				<NetMass>5</NetMass>
				<MeasurementUnit>01</MeasurementUnit>
			</MeasureProcedureImported>
		</ImportedQuantity>
		<MeasureImported>
			<NetMass>0.2073</NetMass>
			<MeasurementUnit>01</MeasurementUnit>
		</MeasureImported>
		<TotalEmissions>
			<EmissionsPerUnit>5</EmissionsPerUnit>
			<OverallEmissions>5</OverallEmissions>
			<TotalDirect>5</TotalDirect>
			<TotalIndirect>5</TotalIndirect>
			<MeasurementUnit>01</MeasurementUnit>
		</TotalEmissions>
		<GoodsEmissions>
			<SequenceNumber>5</SequenceNumber>
			<ProductionCountry>US</ProductionCountry>
			<InstallationOperator>
				<OperatorId>C0383</OperatorId>
				<OperatorName>Name 5</OperatorName>
				<OperatorAddress>
					<Country>US</Country>
					<City>City 5</City>
				</OperatorAddress>
				<ContactDetails>
					<Name>Name 5</Name>
					<Phone>201-111-1115</Phone>
					<Email>email 5</Email>
				</ContactDetails>
			</InstallationOperator>
			<ProducedMeasure>
				<NetMass>5</NetMass>
				<MeasurementUnit>01</MeasurementUnit>
			</ProducedMeasure>
			<InstallationEmissions>
				<OverallEmissions>5</OverallEmissions>
				<TotalDirect>5</TotalDirect>
				<TotalIndirect>5</TotalIndirect>
				<MeasurementUnit>g</MeasurementUnit>
			</InstallationEmissions>
			<DirectEmissions>
				<DeterminationType>02</DeterminationType>
				<ApplicableReportingTypeMethodology>TOM01</ApplicableReportingTypeMethodology>
				<MeasurementUnit>01</MeasurementUnit>
			</DirectEmissions>
			<IndirectEmissions>
				<DeterminationType>02</DeterminationType>
				<SpecificEmbeddedEmissions>0.32</SpecificEmbeddedEmissions>
				<MeasurementUnit>01</MeasurementUnit>
				<ElectricitySource>SOE03</ElectricitySource>
			</IndirectEmissions>
			<ProdMethodQualifyingParams>
				<SequenceNumber>5</SequenceNumber>
				<MethodId>P34</MethodId>
				<MethodName>Iron or steel products</MethodName>
			</ProdMethodQualifyingParams>
		</GoodsEmissions>
	</ImportedGood>
	<ImportedGood>
		<ItemNumber>6</ItemNumber>
		<CommodityCode>
			<HsCode>731815</HsCode>
			<CnCode>95</CnCode>
			<CommodityDetails>
				<Description>Other screws and bolts, whether or not with their nuts or washers</Description>
			</CommodityDetails>
		</CommodityCode>
		<OriginCountry>
			<Country>US</Country>
		</OriginCountry>
		<ImportedQuantity>
			<SequenceNumber>6</SequenceNumber>
			<Procedure>
				<RequestedProc>01</RequestedProc>
			</Procedure>
			<ImportArea>
				<ImportArea>EU</ImportArea>
			</ImportArea>
			<MeasureProcedureImported>
				<Indicator>01</Indicator>
				<NetMass>5</NetMass>
				<MeasurementUnit>01</MeasurementUnit>
			</MeasureProcedureImported>
		</ImportedQuantity>
		<MeasureImported>
			<NetMass>0.0037</NetMass>
			<MeasurementUnit>01</MeasurementUnit>
		</MeasureImported>
		<TotalEmissions>
			<EmissionsPerUnit>5</EmissionsPerUnit>
			<OverallEmissions>5</OverallEmissions>
			<TotalDirect>5</TotalDirect>
			<TotalIndirect>5</TotalIndirect>
			<MeasurementUnit>01</MeasurementUnit>
		</TotalEmissions>
		<GoodsEmissions>
			<SequenceNumber>6</SequenceNumber>
			<ProductionCountry>US</ProductionCountry>
			<InstallationOperator>
				<OperatorId>E0464</OperatorId>
				<OperatorName>Name 6</OperatorName>
				<OperatorAddress>
					<Country>US</Country>
					<City>City 6</City>
				</OperatorAddress>
				<ContactDetails>
					<Name>Name 6</Name>
					<Phone>201-111-1116</Phone>
					<Email>email 6</Email>
				</ContactDetails>
			</InstallationOperator>
			<ProducedMeasure>
				<NetMass>5</NetMass>
				<MeasurementUnit>01</MeasurementUnit>
			</ProducedMeasure>
			<InstallationEmissions>
				<OverallEmissions>5</OverallEmissions>
				<TotalDirect>5</TotalDirect>
				<TotalIndirect>5</TotalIndirect>
				<MeasurementUnit>g</MeasurementUnit>
			</InstallationEmissions>
			<DirectEmissions>
				<DeterminationType>02</DeterminationType>
				<ApplicableReportingTypeMethodology>TOM01</ApplicableReportingTypeMethodology>
				<MeasurementUnit>01</MeasurementUnit>
			</DirectEmissions>
			<IndirectEmissions>
				<DeterminationType>02</DeterminationType>
				<SpecificEmbeddedEmissions>0.32</SpecificEmbeddedEmissions>
				<MeasurementUnit>01</MeasurementUnit>
				<ElectricitySource>SOE03</ElectricitySource>
			</IndirectEmissions>
			<ProdMethodQualifyingParams>
				<SequenceNumber>6</SequenceNumber>
				<MethodId>P34</MethodId>
				<MethodName>Iron or steel products</MethodName>
			</ProdMethodQualifyingParams>
		</GoodsEmissions>
	</ImportedGood>
	<ImportedGood>
		<ItemNumber>7</ItemNumber>
		<CommodityCode>
			<HsCode>731815</HsCode>
			<CnCode>95</CnCode>
			<CommodityDetails>
				<Description>Other screws and bolts, whether or not with their nuts or washers</Description>
			</CommodityDetails>
		</CommodityCode>
		<OriginCountry>
			<Country>US</Country>
		</OriginCountry>
		<ImportedQuantity>
			<SequenceNumber>7</SequenceNumber>
			<Procedure>
				<RequestedProc>01</RequestedProc>
			</Procedure>
			<ImportArea>
				<ImportArea>EU</ImportArea>
			</ImportArea>
			<MeasureProcedureImported>
				<Indicator>01</Indicator>
				<NetMass>5</NetMass>
				<MeasurementUnit>01</MeasurementUnit>
			</MeasureProcedureImported>
		</ImportedQuantity>
		<MeasureImported>
			<NetMass>0.0002</NetMass>
			<MeasurementUnit>01</MeasurementUnit>
		</MeasureImported>
		<TotalEmissions>
			<EmissionsPerUnit>5</EmissionsPerUnit>
			<OverallEmissions>5</OverallEmissions>
			<TotalDirect>5</TotalDirect>
			<TotalIndirect>5</TotalIndirect>
			<MeasurementUnit>01</MeasurementUnit>
		</TotalEmissions>
		<GoodsEmissions>
			<SequenceNumber>7</SequenceNumber>
			<ProductionCountry>US</ProductionCountry>
			<InstallationOperator>
				<OperatorId>E0465</OperatorId>
				<OperatorName>Name 7</OperatorName>
				<OperatorAddress>
					<Country>US</Country>
					<City>City 7</City>
				</OperatorAddress>
				<ContactDetails>
					<Name>Name 7</Name>
					<Phone>201-111-1117</Phone>
					<Email>email 7</Email>
				</ContactDetails>
			</InstallationOperator>
			<ProducedMeasure>
				<NetMass>5</NetMass>
				<MeasurementUnit>01</MeasurementUnit>
			</ProducedMeasure>
			<InstallationEmissions>
				<OverallEmissions>55</OverallEmissions>
				<TotalDirect>55</TotalDirect>
				<TotalIndirect>5</TotalIndirect>
				<MeasurementUnit>g</MeasurementUnit>
			</InstallationEmissions>
			<DirectEmissions>
				<DeterminationType>02</DeterminationType>
				<ApplicableReportingTypeMethodology>TOM01</ApplicableReportingTypeMethodology>
				<MeasurementUnit>01</MeasurementUnit>
			</DirectEmissions>
			<IndirectEmissions>
				<DeterminationType>02</DeterminationType>
				<SpecificEmbeddedEmissions>0.32</SpecificEmbeddedEmissions>
				<MeasurementUnit>01</MeasurementUnit>
				<ElectricitySource>SOE03</ElectricitySource>
			</IndirectEmissions>
			<ProdMethodQualifyingParams>
				<SequenceNumber>7</SequenceNumber>
				<MethodId>P34</MethodId>
				<MethodName>Iron or steel products</MethodName>
			</ProdMethodQualifyingParams>
		</GoodsEmissions>
	</ImportedGood>
	<ImportedGood>
		<ItemNumber>8</ItemNumber>
		<CommodityCode>
			<HsCode>731815</HsCode>
			<CnCode>95</CnCode>
			<CommodityDetails>
				<Description>Other screws and bolts, whether or not with their nuts or washers</Description>
			</CommodityDetails>
		</CommodityCode>
		<OriginCountry>
			<Country>US</Country>
		</OriginCountry>
		<ImportedQuantity>
			<SequenceNumber>8</SequenceNumber>
			<Procedure>
				<RequestedProc>01</RequestedProc>
			</Procedure>
			<ImportArea>
				<ImportArea>EU</ImportArea>
			</ImportArea>
			<MeasureProcedureImported>
				<Indicator>01</Indicator>
				<NetMass>5</NetMass>
				<MeasurementUnit>01</MeasurementUnit>
			</MeasureProcedureImported>
		</ImportedQuantity>
		<MeasureImported>
			<NetMass>0.0001</NetMass>
			<MeasurementUnit>01</MeasurementUnit>
		</MeasureImported>
		<TotalEmissions>
			<EmissionsPerUnit>5</EmissionsPerUnit>
			<OverallEmissions>5</OverallEmissions>
			<TotalDirect>5</TotalDirect>
			<TotalIndirect>5</TotalIndirect>
			<MeasurementUnit>01</MeasurementUnit>
		</TotalEmissions>
		<GoodsEmissions>
			<SequenceNumber>8</SequenceNumber>
			<ProductionCountry>US</ProductionCountry>
			<InstallationOperator>
				<OperatorId>I369</OperatorId>
				<OperatorName>Name 8</OperatorName>
				<OperatorAddress>
					<Country>US</Country>
					<City>City 8</City>
				</OperatorAddress>
				<ContactDetails>
					<Name>Name 8</Name>
					<Phone>201-111-1118</Phone>
					<Email>email 8</Email>
				</ContactDetails>
			</InstallationOperator>
			<ProducedMeasure>
				<NetMass>5</NetMass>
				<MeasurementUnit>01</MeasurementUnit>
			</ProducedMeasure>
			<InstallationEmissions>
				<OverallEmissions>5</OverallEmissions>
				<TotalDirect>5</TotalDirect>
				<TotalIndirect>5</TotalIndirect>
				<MeasurementUnit>g</MeasurementUnit>
			</InstallationEmissions>
			<DirectEmissions>
				<DeterminationType>02</DeterminationType>
				<ApplicableReportingTypeMethodology>TOM01</ApplicableReportingTypeMethodology>
				<MeasurementUnit>01</MeasurementUnit>
			</DirectEmissions>
			<IndirectEmissions>
				<DeterminationType>02</DeterminationType>
				<SpecificEmbeddedEmissions>0.32</SpecificEmbeddedEmissions>
				<MeasurementUnit>01</MeasurementUnit>
				<ElectricitySource>SOE03</ElectricitySource>
			</IndirectEmissions>
			<ProdMethodQualifyingParams>
				<SequenceNumber>8</SequenceNumber>
				<MethodId>P34</MethodId>
				<MethodName>Iron or steel products</MethodName>
			</ProdMethodQualifyingParams>
		</GoodsEmissions>
	</ImportedGood>
	<ImportedGood>
		<ItemNumber>9</ItemNumber>
		<CommodityCode>
			<HsCode>731815</HsCode>
			<CnCode>95</CnCode>
			<CommodityDetails>
				<Description>Other screws and bolts, whether or not with their nuts or washers</Description>
			</CommodityDetails>
		</CommodityCode>
		<OriginCountry>
			<Country>US</Country>
		</OriginCountry>
		<ImportedQuantity>
			<SequenceNumber>9</SequenceNumber>
			<Procedure>
				<RequestedProc>01</RequestedProc>
			</Procedure>
			<ImportArea>
				<ImportArea>EU</ImportArea>
			</ImportArea>
			<MeasureProcedureImported>
				<Indicator>01</Indicator>
				<NetMass>5</NetMass>
				<MeasurementUnit>01</MeasurementUnit>
			</MeasureProcedureImported>
		</ImportedQuantity>
		<MeasureImported>
			<NetMass>0.2104</NetMass>
			<MeasurementUnit>01</MeasurementUnit>
		</MeasureImported>
		<TotalEmissions>
			<EmissionsPerUnit>5</EmissionsPerUnit>
			<OverallEmissions>5</OverallEmissions>
			<TotalDirect>5</TotalDirect>
			<TotalIndirect>5</TotalIndirect>
			<MeasurementUnit>01</MeasurementUnit>
		</TotalEmissions>
		<GoodsEmissions>
			<SequenceNumber>9</SequenceNumber>
			<ProductionCountry>US</ProductionCountry>
			<InstallationOperator>
				<OperatorId>R471</OperatorId>
				<OperatorName>Name 9</OperatorName>
				<OperatorAddress>
					<Country>US</Country>
					<City>City 9</City>
				</OperatorAddress>
				<ContactDetails>
					<Name>Name 9</Name>
					<Phone>201-111-1119</Phone>
					<Email>email 9</Email>
				</ContactDetails>
			</InstallationOperator>
			<ProducedMeasure>
				<NetMass>5</NetMass>
				<MeasurementUnit>01</MeasurementUnit>
			</ProducedMeasure>
			<InstallationEmissions>
				<OverallEmissions>5</OverallEmissions>
				<TotalDirect>5</TotalDirect>
				<TotalIndirect>5</TotalIndirect>
				<MeasurementUnit>g</MeasurementUnit>
			</InstallationEmissions>
			<DirectEmissions>
				<DeterminationType>02</DeterminationType>
				<ApplicableReportingTypeMethodology>TOM01</ApplicableReportingTypeMethodology>
				<MeasurementUnit>01</MeasurementUnit>
			</DirectEmissions>
			<IndirectEmissions>
				<DeterminationType>02</DeterminationType>
				<SpecificEmbeddedEmissions>0.32</SpecificEmbeddedEmissions>
				<MeasurementUnit>01</MeasurementUnit>
				<ElectricitySource>SOE03</ElectricitySource>
			</IndirectEmissions>
			<ProdMethodQualifyingParams>
				<SequenceNumber>9</SequenceNumber>
				<MethodId>P34</MethodId>
				<MethodName>Iron or steel products</MethodName>
			</ProdMethodQualifyingParams>
		</GoodsEmissions>
	</ImportedGood>
	<ImportedGood>
		<ItemNumber>10</ItemNumber>
		<CommodityCode>
			<HsCode>731815</HsCode>
			<CnCode>95</CnCode>
			<CommodityDetails>
				<Description>Other screws and bolts, whether or not with their nuts or washers</Description>
			</CommodityDetails>
		</CommodityCode>
		<OriginCountry>
			<Country>US</Country>
		</OriginCountry>
		<ImportedQuantity>
			<SequenceNumber>10</SequenceNumber>
			<Procedure>
				<RequestedProc>01</RequestedProc>
			</Procedure>
			<ImportArea>
				<ImportArea>EU</ImportArea>
			</ImportArea>
			<MeasureProcedureImported>
				<Indicator>01</Indicator>
				<NetMass>5</NetMass>
				<MeasurementUnit>01</MeasurementUnit>
			</MeasureProcedureImported>
		</ImportedQuantity>
		<MeasureImported>
			<NetMass>0.0013</NetMass>
			<MeasurementUnit>01</MeasurementUnit>
		</MeasureImported>
		<TotalEmissions>
			<EmissionsPerUnit>5</EmissionsPerUnit>
			<OverallEmissions>5</OverallEmissions>
			<TotalDirect>5</TotalDirect>
			<TotalIndirect>5</TotalIndirect>
			<MeasurementUnit>01</MeasurementUnit>
		</TotalEmissions>
		<GoodsEmissions>
			<SequenceNumber>10</SequenceNumber>
			<ProductionCountry>US</ProductionCountry>
			<InstallationOperator>
				<OperatorId>S0393</OperatorId>
				<OperatorName>Name 10</OperatorName>
				<OperatorAddress>
					<Country>US</Country>
					<City>City 10</City>
				</OperatorAddress>
				<ContactDetails>
					<Name>Name 10</Name>
					<Phone>201-111-1120</Phone>
					<Email>email 10</Email>
				</ContactDetails>
			</InstallationOperator>
			<ProducedMeasure>
				<NetMass>5</NetMass>
				<MeasurementUnit>01</MeasurementUnit>
			</ProducedMeasure>
			<InstallationEmissions>
				<OverallEmissions>5</OverallEmissions>
				<TotalDirect>55</TotalDirect>
				<TotalIndirect>5</TotalIndirect>
				<MeasurementUnit>g</MeasurementUnit>
			</InstallationEmissions>
			<DirectEmissions>
				<DeterminationType>02</DeterminationType>
				<ApplicableReportingTypeMethodology>TOM01</ApplicableReportingTypeMethodology>
				<MeasurementUnit>01</MeasurementUnit>
			</DirectEmissions>
			<IndirectEmissions>
				<DeterminationType>02</DeterminationType>
				<SpecificEmbeddedEmissions>0.32</SpecificEmbeddedEmissions>
				<MeasurementUnit>01</MeasurementUnit>
				<ElectricitySource>SOE03</ElectricitySource>
			</IndirectEmissions>
			<ProdMethodQualifyingParams>
				<SequenceNumber>10</SequenceNumber>
				<MethodId>P34</MethodId>
				<MethodName>Iron or steel products</MethodName>
			</ProdMethodQualifyingParams>
		</GoodsEmissions>
	</ImportedGood>
	<ImportedGood>
		<ItemNumber>11</ItemNumber>
		<CommodityCode>
			<HsCode>731815</HsCode>
			<CnCode>95</CnCode>
			<CommodityDetails>
				<Description>Other screws and bolts, whether or not with their nuts or washers</Description>
			</CommodityDetails>
		</CommodityCode>
		<OriginCountry>
			<Country>US</Country>
		</OriginCountry>
		<ImportedQuantity>
			<SequenceNumber>11</SequenceNumber>
			<Procedure>
				<RequestedProc>01</RequestedProc>
			</Procedure>
			<ImportArea>
				<ImportArea>EU</ImportArea>
			</ImportArea>
			<MeasureProcedureImported>
				<Indicator>01</Indicator>
				<NetMass>5</NetMass>
				<MeasurementUnit>01</MeasurementUnit>
			</MeasureProcedureImported>
		</ImportedQuantity>
		<MeasureImported>
			<NetMass>0.0025</NetMass>
			<MeasurementUnit>01</MeasurementUnit>
		</MeasureImported>
		<TotalEmissions>
			<EmissionsPerUnit>5</EmissionsPerUnit>
			<OverallEmissions>5</OverallEmissions>
			<TotalDirect>5</TotalDirect>
			<TotalIndirect>5</TotalIndirect>
			<MeasurementUnit>01</MeasurementUnit>
		</TotalEmissions>
		<GoodsEmissions>
			<SequenceNumber>11</SequenceNumber>
			<ProductionCountry>US</ProductionCountry>
			<InstallationOperator>
				<OperatorId>S108</OperatorId>
				<OperatorName>Name 11</OperatorName>
				<OperatorAddress>
					<Country>US</Country>
					<City>City 11</City>
				</OperatorAddress>
				<ContactDetails>
					<Name>Name 11</Name>
					<Phone>201-111-1121</Phone>
					<Email>email 11</Email>
				</ContactDetails>
			</InstallationOperator>
			<ProducedMeasure>
				<NetMass>5</NetMass>
				<MeasurementUnit>01</MeasurementUnit>
			</ProducedMeasure>
			<InstallationEmissions>
				<OverallEmissions>5</OverallEmissions>
				<TotalDirect>5</TotalDirect>
				<TotalIndirect>5</TotalIndirect>
				<MeasurementUnit>g</MeasurementUnit>
			</InstallationEmissions>
			<DirectEmissions>
				<DeterminationType>02</DeterminationType>
				<ApplicableReportingTypeMethodology>TOM01</ApplicableReportingTypeMethodology>
				<MeasurementUnit>01</MeasurementUnit>
			</DirectEmissions>
			<IndirectEmissions>
				<DeterminationType>02</DeterminationType>
				<SpecificEmbeddedEmissions>0.32</SpecificEmbeddedEmissions>
				<MeasurementUnit>01</MeasurementUnit>
				<ElectricitySource>SOE03</ElectricitySource>
			</IndirectEmissions>
			<ProdMethodQualifyingParams>
				<SequenceNumber>11</SequenceNumber>
				<MethodId>P34</MethodId>
				<MethodName>Iron or steel products</MethodName>
			</ProdMethodQualifyingParams>
		</GoodsEmissions>
	</ImportedGood>
	<ImportedGood>
		<ItemNumber>12</ItemNumber>
		<CommodityCode>
			<HsCode>731815</HsCode>
			<CnCode>95</CnCode>
			<CommodityDetails>
				<Description>Other screws and bolts, whether or not with their nuts or washers</Description>
			</CommodityDetails>
		</CommodityCode>
		<OriginCountry>
			<Country>US</Country>
		</OriginCountry>
		<ImportedQuantity>
			<SequenceNumber>12</SequenceNumber>
			<Procedure>
				<RequestedProc>01</RequestedProc>
			</Procedure>
			<ImportArea>
				<ImportArea>EU</ImportArea>
			</ImportArea>
			<MeasureProcedureImported>
				<Indicator>01</Indicator>
				<NetMass>5</NetMass>
				<MeasurementUnit>01</MeasurementUnit>
			</MeasureProcedureImported>
		</ImportedQuantity>
		<MeasureImported>
			<NetMass>0.0001</NetMass>
			<MeasurementUnit>01</MeasurementUnit>
		</MeasureImported>
		<TotalEmissions>
			<EmissionsPerUnit>5</EmissionsPerUnit>
			<OverallEmissions>5</OverallEmissions>
			<TotalDirect>5</TotalDirect>
			<TotalIndirect>5</TotalIndirect>
			<MeasurementUnit>01</MeasurementUnit>
		</TotalEmissions>
		<GoodsEmissions>
			<SequenceNumber>12</SequenceNumber>
			<ProductionCountry>US</ProductionCountry>
			<InstallationOperator>
				<OperatorId>W114</OperatorId>
				<OperatorName>Name 12</OperatorName>
				<OperatorAddress>
					<Country>US</Country>
					<City>City 12</City>
				</OperatorAddress>
				<ContactDetails>
					<Name>Name 12</Name>
					<Phone>201-111-1122</Phone>
					<Email>email 12</Email>
				</ContactDetails>
			</InstallationOperator>
			<ProducedMeasure>
				<NetMass>5</NetMass>
				<MeasurementUnit>01</MeasurementUnit>
			</ProducedMeasure>
			<InstallationEmissions>
				<OverallEmissions>5</OverallEmissions>
				<TotalDirect>5</TotalDirect>
				<TotalIndirect>5</TotalIndirect>
				<MeasurementUnit>g</MeasurementUnit>
			</InstallationEmissions>
			<DirectEmissions>
				<DeterminationType>02</DeterminationType>
				<ApplicableReportingTypeMethodology>TOM01</ApplicableReportingTypeMethodology>
				<MeasurementUnit>01</MeasurementUnit>
			</DirectEmissions>
			<IndirectEmissions>
				<DeterminationType>02</DeterminationType>
				<SpecificEmbeddedEmissions>0.32</SpecificEmbeddedEmissions>
				<MeasurementUnit>01</MeasurementUnit>
				<ElectricitySource>SOE03</ElectricitySource>
			</IndirectEmissions>
			<ProdMethodQualifyingParams>
				<SequenceNumber>12</SequenceNumber>
				<MethodId>P34</MethodId>
				<MethodName>Iron or steel products</MethodName>
			</ProdMethodQualifyingParams>
		</GoodsEmissions>
	</ImportedGood>
	<ImportedGood>
		<ItemNumber>13</ItemNumber>
		<CommodityCode>
			<HsCode>731816</HsCode>
			<CnCode>60</CnCode>
			<CommodityDetails>
				<Description>Nuts, iron or steel</Description>
			</CommodityDetails>
		</CommodityCode>
		<OriginCountry>
			<Country>US</Country>
		</OriginCountry>
		<ImportedQuantity>
			<SequenceNumber>13</SequenceNumber>
			<Procedure>
				<RequestedProc>01</RequestedProc>
			</Procedure>
			<ImportArea>
				<ImportArea>EU</ImportArea>
			</ImportArea>
			<MeasureProcedureImported>
				<Indicator>01</Indicator>
				<NetMass>5</NetMass>
				<MeasurementUnit>01</MeasurementUnit>
			</MeasureProcedureImported>
		</ImportedQuantity>
		<MeasureImported>
			<NetMass>0.0001</NetMass>
			<MeasurementUnit>01</MeasurementUnit>
		</MeasureImported>
		<TotalEmissions>
			<EmissionsPerUnit>5</EmissionsPerUnit>
			<OverallEmissions>5</OverallEmissions>
			<TotalDirect>5</TotalDirect>
			<TotalIndirect>5</TotalIndirect>
			<MeasurementUnit>01</MeasurementUnit>
		</TotalEmissions>
		<GoodsEmissions>
			<SequenceNumber>13</SequenceNumber>
			<ProductionCountry>US</ProductionCountry>
			<InstallationOperator>
				<OperatorId>I086</OperatorId>
				<OperatorName>Name 13</OperatorName>
				<OperatorAddress>
					<Country>US</Country>
					<City>City 13</City>
				</OperatorAddress>
				<ContactDetails>
					<Name>Name 13</Name>
					<Phone>201-111-1123</Phone>
					<Email>email 13</Email>
				</ContactDetails>
			</InstallationOperator>
			<ProducedMeasure>
				<NetMass>5</NetMass>
				<MeasurementUnit>01</MeasurementUnit>
			</ProducedMeasure>
			<InstallationEmissions>
				<OverallEmissions>5</OverallEmissions>
				<TotalDirect>5</TotalDirect>
				<TotalIndirect>5</TotalIndirect>
				<MeasurementUnit>g</MeasurementUnit>
			</InstallationEmissions>
			<DirectEmissions>
				<DeterminationType>02</DeterminationType>
				<ApplicableReportingTypeMethodology>TOM01</ApplicableReportingTypeMethodology>
				<MeasurementUnit>01</MeasurementUnit>
			</DirectEmissions>
			<IndirectEmissions>
				<DeterminationType>02</DeterminationType>
				<SpecificEmbeddedEmissions>0.32</SpecificEmbeddedEmissions>
				<MeasurementUnit>01</MeasurementUnit>
				<ElectricitySource>SOE03</ElectricitySource>
			</IndirectEmissions>
			<ProdMethodQualifyingParams>
				<SequenceNumber>13</SequenceNumber>
				<MethodId>P34</MethodId>
				<MethodName>Iron or steel products</MethodName>
			</ProdMethodQualifyingParams>
		</GoodsEmissions>
	</ImportedGood>
	<ImportedGood>
		<ItemNumber>14</ItemNumber>
		<CommodityCode>
			<HsCode>731816</HsCode>
			<CnCode>92</CnCode>
			<CommodityDetails>
				<Description>Nuts, iron or steel</Description>
			</CommodityDetails>
		</CommodityCode>
		<OriginCountry>
			<Country>US</Country>
		</OriginCountry>
		<ImportedQuantity>
			<SequenceNumber>14</SequenceNumber>
			<Procedure>
				<RequestedProc>01</RequestedProc>
			</Procedure>
			<ImportArea>
				<ImportArea>EU</ImportArea>
			</ImportArea>
			<MeasureProcedureImported>
				<Indicator>01</Indicator>
				<NetMass>5</NetMass>
				<MeasurementUnit>01</MeasurementUnit>
			</MeasureProcedureImported>
		</ImportedQuantity>
		<MeasureImported>
			<NetMass>0.0065</NetMass>
			<MeasurementUnit>01</MeasurementUnit>
		</MeasureImported>
		<TotalEmissions>
			<EmissionsPerUnit>5</EmissionsPerUnit>
			<OverallEmissions>5</OverallEmissions>
			<TotalDirect>5</TotalDirect>
			<TotalIndirect>5</TotalIndirect>
			<MeasurementUnit>01</MeasurementUnit>
		</TotalEmissions>
		<GoodsEmissions>
			<SequenceNumber>14</SequenceNumber>
			<ProductionCountry>US</ProductionCountry>
			<InstallationOperator>
				<OperatorId>I086</OperatorId>
				<OperatorName>Name 14</OperatorName>
				<OperatorAddress>
					<Country>US</Country>
					<City>City 14</City>
				</OperatorAddress>
				<ContactDetails>
					<Name>Name 14</Name>
					<Phone>201-111-1124</Phone>
					<Email>email 14</Email>
				</ContactDetails>
			</InstallationOperator>
			<ProducedMeasure>
				<NetMass>5</NetMass>
				<MeasurementUnit>01</MeasurementUnit>
			</ProducedMeasure>
			<InstallationEmissions>
				<OverallEmissions>5</OverallEmissions>
				<TotalDirect>5</TotalDirect>
				<TotalIndirect>5</TotalIndirect>
				<MeasurementUnit>g</MeasurementUnit>
			</InstallationEmissions>
			<DirectEmissions>
				<DeterminationType>02</DeterminationType>
				<ApplicableReportingTypeMethodology>TOM01</ApplicableReportingTypeMethodology>
				<MeasurementUnit>01</MeasurementUnit>
			</DirectEmissions>
			<IndirectEmissions>
				<DeterminationType>02</DeterminationType>
				<SpecificEmbeddedEmissions>0.32</SpecificEmbeddedEmissions>
				<MeasurementUnit>01</MeasurementUnit>
				<ElectricitySource>SOE03</ElectricitySource>
			</IndirectEmissions>
			<ProdMethodQualifyingParams>
				<SequenceNumber>14</SequenceNumber>
				<MethodId>P34</MethodId>
				<MethodName>Iron or steel products</MethodName>
			</ProdMethodQualifyingParams>
		</GoodsEmissions>
	</ImportedGood>
	<ImportedGood>
		<ItemNumber>15</ItemNumber>
		<CommodityCode>
			<HsCode>731816</HsCode>
			<CnCode>92</CnCode>
			<CommodityDetails>
				<Description>Nuts, iron or steel</Description>
			</CommodityDetails>
		</CommodityCode>
		<OriginCountry>
			<Country>US</Country>
		</OriginCountry>
		<ImportedQuantity>
			<SequenceNumber>15</SequenceNumber>
			<Procedure>
				<RequestedProc>01</RequestedProc>
			</Procedure>
			<ImportArea>
				<ImportArea>EU</ImportArea>
			</ImportArea>
			<MeasureProcedureImported>
				<Indicator>01</Indicator>
				<NetMass>5</NetMass>
				<MeasurementUnit>01</MeasurementUnit>
			</MeasureProcedureImported>
		</ImportedQuantity>
		<MeasureImported>
			<NetMass>0.0002</NetMass>
			<MeasurementUnit>01</MeasurementUnit>
		</MeasureImported>
		<TotalEmissions>
			<EmissionsPerUnit>5</EmissionsPerUnit>
			<OverallEmissions>5</OverallEmissions>
			<TotalDirect>5</TotalDirect>
			<TotalIndirect>5</TotalIndirect>
			<MeasurementUnit>01</MeasurementUnit>
		</TotalEmissions>
		<GoodsEmissions>
			<SequenceNumber>15</SequenceNumber>
			<ProductionCountry>US</ProductionCountry>
			<InstallationOperator>
				<OperatorId>RAMCO</OperatorId>
				<OperatorName>Name 15</OperatorName>
				<OperatorAddress>
					<Country>US</Country>
					<City>City 15</City>
				</OperatorAddress>
				<ContactDetails>
					<Name>Name 15</Name>
					<Phone>201-111-1125</Phone>
					<Email>email 15</Email>
				</ContactDetails>
			</InstallationOperator>
			<ProducedMeasure>
				<NetMass>5</NetMass>
				<MeasurementUnit>01</MeasurementUnit>
			</ProducedMeasure>
			<InstallationEmissions>
				<OverallEmissions>55</OverallEmissions>
				<TotalDirect>5</TotalDirect>
				<TotalIndirect>5</TotalIndirect>
				<MeasurementUnit>g</MeasurementUnit>
			</InstallationEmissions>
			<DirectEmissions>
				<DeterminationType>02</DeterminationType>
				<ApplicableReportingTypeMethodology>TOM01</ApplicableReportingTypeMethodology>
				<MeasurementUnit>01</MeasurementUnit>
			</DirectEmissions>
			<IndirectEmissions>
				<DeterminationType>02</DeterminationType>
				<SpecificEmbeddedEmissions>0.32</SpecificEmbeddedEmissions>
				<MeasurementUnit>01</MeasurementUnit>
				<ElectricitySource>SOE03</ElectricitySource>
			</IndirectEmissions>
			<ProdMethodQualifyingParams>
				<SequenceNumber>15</SequenceNumber>
				<MethodId>P34</MethodId>
				<MethodName>Iron or steel products</MethodName>
			</ProdMethodQualifyingParams>
		</GoodsEmissions>
	</ImportedGood>
	<ImportedGood>
		<ItemNumber>16</ItemNumber>
		<CommodityCode>
			<HsCode>731816</HsCode>
			<CnCode>99</CnCode>
			<CommodityDetails>
				<Description>Nuts, iron or steel</Description>
			</CommodityDetails>
		</CommodityCode>
		<OriginCountry>
			<Country>US</Country>
		</OriginCountry>
		<ImportedQuantity>
			<SequenceNumber>16</SequenceNumber>
			<Procedure>
				<RequestedProc>01</RequestedProc>
			</Procedure>
			<ImportArea>
				<ImportArea>EU</ImportArea>
			</ImportArea>
			<MeasureProcedureImported>
				<Indicator>01</Indicator>
				<NetMass>5</NetMass>
				<MeasurementUnit>01</MeasurementUnit>
			</MeasureProcedureImported>
		</ImportedQuantity>
		<MeasureImported>
			<NetMass>0.0005</NetMass>
			<MeasurementUnit>01</MeasurementUnit>
		</MeasureImported>
		<TotalEmissions>
			<EmissionsPerUnit>5</EmissionsPerUnit>
			<OverallEmissions>5</OverallEmissions>
			<TotalDirect>5</TotalDirect>
			<TotalIndirect>5</TotalIndirect>
			<MeasurementUnit>01</MeasurementUnit>
		</TotalEmissions>
		<GoodsEmissions>
			<SequenceNumber>16</SequenceNumber>
			<ProductionCountry>US</ProductionCountry>
			<InstallationOperator>
				<OperatorId>I086</OperatorId>
				<OperatorName>Name 16</OperatorName>
				<OperatorAddress>
					<Country>US</Country>
					<City>City 16</City>
				</OperatorAddress>
				<ContactDetails>
					<Name>Name 16</Name>
					<Phone>201-111-1126</Phone>
					<Email>email 16</Email>
				</ContactDetails>
			</InstallationOperator>
			<ProducedMeasure>
				<NetMass>5</NetMass>
				<MeasurementUnit>01</MeasurementUnit>
			</ProducedMeasure>
			<InstallationEmissions>
				<OverallEmissions>5</OverallEmissions>
				<TotalDirect>5</TotalDirect>
				<TotalIndirect>5</TotalIndirect>
				<MeasurementUnit>g</MeasurementUnit>
			</InstallationEmissions>
			<DirectEmissions>
				<DeterminationType>02</DeterminationType>
				<ApplicableReportingTypeMethodology>TOM01</ApplicableReportingTypeMethodology>
				<MeasurementUnit>01</MeasurementUnit>
			</DirectEmissions>
			<IndirectEmissions>
				<DeterminationType>02</DeterminationType>
				<SpecificEmbeddedEmissions>0.32</SpecificEmbeddedEmissions>
				<MeasurementUnit>01</MeasurementUnit>
				<ElectricitySource>SOE03</ElectricitySource>
			</IndirectEmissions>
			<ProdMethodQualifyingParams>
				<SequenceNumber>16</SequenceNumber>
				<MethodId>P34</MethodId>
				<MethodName>Iron or steel products</MethodName>
			</ProdMethodQualifyingParams>
		</GoodsEmissions>
	</ImportedGood>
	<ImportedGood>
		<ItemNumber>17</ItemNumber>
		<CommodityCode>
			<HsCode>731822</HsCode>
			<CnCode>00</CnCode>
			<CommodityDetails>
				<Description>Other washers, iron or steel</Description>
			</CommodityDetails>
		</CommodityCode>
		<OriginCountry>
			<Country>US</Country>
		</OriginCountry>
		<ImportedQuantity>
			<SequenceNumber>17</SequenceNumber>
			<Procedure>
				<RequestedProc>01</RequestedProc>
			</Procedure>
			<ImportArea>
				<ImportArea>EU</ImportArea>
			</ImportArea>
			<MeasureProcedureImported>
				<Indicator>01</Indicator>
				<NetMass>5</NetMass>
				<MeasurementUnit>01</MeasurementUnit>
			</MeasureProcedureImported>
		</ImportedQuantity>
		<MeasureImported>
			<NetMass>0.0000</NetMass>
			<MeasurementUnit>01</MeasurementUnit>
		</MeasureImported>
		<TotalEmissions>
			<EmissionsPerUnit>5</EmissionsPerUnit>
			<OverallEmissions>5</OverallEmissions>
			<TotalDirect>5</TotalDirect>
			<TotalIndirect>5</TotalIndirect>
			<MeasurementUnit>01</MeasurementUnit>
		</TotalEmissions>
		<GoodsEmissions>
			<SequenceNumber>17</SequenceNumber>
			<ProductionCountry>US</ProductionCountry>
			<InstallationOperator>
				<OperatorId>A0458</OperatorId>
				<OperatorName>Name 17</OperatorName>
				<OperatorAddress>
					<Country>US</Country>
					<City>City 17</City>
				</OperatorAddress>
				<ContactDetails>
					<Name>Name 17</Name>
					<Phone>201-111-1127</Phone>
					<Email>email 17</Email>
				</ContactDetails>
			</InstallationOperator>
			<ProducedMeasure>
				<NetMass>5</NetMass>
				<MeasurementUnit>01</MeasurementUnit>
			</ProducedMeasure>
			<InstallationEmissions>
				<OverallEmissions>5</OverallEmissions>
				<TotalDirect>5</TotalDirect>
				<TotalIndirect>5</TotalIndirect>
				<MeasurementUnit>g</MeasurementUnit>
			</InstallationEmissions>
			<DirectEmissions>
				<DeterminationType>02</DeterminationType>
				<ApplicableReportingTypeMethodology>TOM01</ApplicableReportingTypeMethodology>
				<MeasurementUnit>01</MeasurementUnit>
			</DirectEmissions>
			<IndirectEmissions>
				<DeterminationType>02</DeterminationType>
				<SpecificEmbeddedEmissions>0.32</SpecificEmbeddedEmissions>
				<MeasurementUnit>01</MeasurementUnit>
				<ElectricitySource>SOE03</ElectricitySource>
			</IndirectEmissions>
			<ProdMethodQualifyingParams>
				<SequenceNumber>17</SequenceNumber>
				<MethodId>P34</MethodId>
				<MethodName>Iron or steel products</MethodName>
			</ProdMethodQualifyingParams>
		</GoodsEmissions>
	</ImportedGood>
	<ImportedGood>
		<ItemNumber>18</ItemNumber>
		<CommodityCode>
			<HsCode>731822</HsCode>
			<CnCode>00</CnCode>
			<CommodityDetails>
				<Description>Other washers, iron or steel</Description>
			</CommodityDetails>
		</CommodityCode>
		<OriginCountry>
			<Country>US</Country>
		</OriginCountry>
		<ImportedQuantity>
			<SequenceNumber>18</SequenceNumber>
			<Procedure>
				<RequestedProc>01</RequestedProc>
			</Procedure>
			<ImportArea>
				<ImportArea>EU</ImportArea>
			</ImportArea>
			<MeasureProcedureImported>
				<Indicator>01</Indicator>
				<NetMass>5</NetMass>
				<MeasurementUnit>01</MeasurementUnit>
			</MeasureProcedureImported>
		</ImportedQuantity>
		<MeasureImported>
			<NetMass>0.0004</NetMass>
			<MeasurementUnit>01</MeasurementUnit>
		</MeasureImported>
		<TotalEmissions>
			<EmissionsPerUnit>5</EmissionsPerUnit>
			<OverallEmissions>5</OverallEmissions>
			<TotalDirect>5</TotalDirect>
			<TotalIndirect>5</TotalIndirect>
			<MeasurementUnit>01</MeasurementUnit>
		</TotalEmissions>
		<GoodsEmissions>
			<SequenceNumber>18</SequenceNumber>
			<ProductionCountry>US</ProductionCountry>
			<InstallationOperator>
				<OperatorId>A853</OperatorId>
				<OperatorName>Name 18</OperatorName>
				<OperatorAddress>
					<Country>US</Country>
					<City>City 18</City>
				</OperatorAddress>
				<ContactDetails>
					<Name>Name 18</Name>
					<Phone>201-111-1128</Phone>
					<Email>email 18</Email>
				</ContactDetails>
			</InstallationOperator>
			<ProducedMeasure>
				<NetMass>5</NetMass>
				<MeasurementUnit>01</MeasurementUnit>
			</ProducedMeasure>
			<InstallationEmissions>
				<OverallEmissions>5</OverallEmissions>
				<TotalDirect>5</TotalDirect>
				<TotalIndirect>5</TotalIndirect>
				<MeasurementUnit>g</MeasurementUnit>
			</InstallationEmissions>
			<DirectEmissions>
				<DeterminationType>02</DeterminationType>
				<ApplicableReportingTypeMethodology>TOM01</ApplicableReportingTypeMethodology>
				<MeasurementUnit>01</MeasurementUnit>
			</DirectEmissions>
			<IndirectEmissions>
				<DeterminationType>02</DeterminationType>
				<SpecificEmbeddedEmissions>0.32</SpecificEmbeddedEmissions>
				<MeasurementUnit>01</MeasurementUnit>
				<ElectricitySource>SOE03</ElectricitySource>
			</IndirectEmissions>
			<ProdMethodQualifyingParams>
				<SequenceNumber>18</SequenceNumber>
				<MethodId>P34</MethodId>
				<MethodName>Iron or steel products</MethodName>
			</ProdMethodQualifyingParams>
		</GoodsEmissions>
	</ImportedGood>
	<ImportedGood>
		<ItemNumber>19</ItemNumber>
		<CommodityCode>
			<HsCode>731822</HsCode>
			<CnCode>00</CnCode>
			<CommodityDetails>
				<Description>Other washers, iron or steel</Description>
			</CommodityDetails>
		</CommodityCode>
		<OriginCountry>
			<Country>US</Country>
		</OriginCountry>
		<ImportedQuantity>
			<SequenceNumber>19</SequenceNumber>
			<Procedure>
				<RequestedProc>01</RequestedProc>
			</Procedure>
			<ImportArea>
				<ImportArea>EU</ImportArea>
			</ImportArea>
			<MeasureProcedureImported>
				<Indicator>01</Indicator>
				<NetMass>5</NetMass>
				<MeasurementUnit>01</MeasurementUnit>
			</MeasureProcedureImported>
		</ImportedQuantity>
		<MeasureImported>
			<NetMass>0.0036</NetMass>
			<MeasurementUnit>01</MeasurementUnit>
		</MeasureImported>
		<TotalEmissions>
			<EmissionsPerUnit>5</EmissionsPerUnit>
			<OverallEmissions>5</OverallEmissions>
			<TotalDirect>5</TotalDirect>
			<TotalIndirect>5</TotalIndirect>
			<MeasurementUnit>01</MeasurementUnit>
		</TotalEmissions>
		<GoodsEmissions>
			<SequenceNumber>19</SequenceNumber>
			<ProductionCountry>US</ProductionCountry>
			<InstallationOperator>
				<OperatorId>M0411</OperatorId>
				<OperatorName>Name 19</OperatorName>
				<OperatorAddress>
					<Country>US</Country>
					<City>City 19</City>
				</OperatorAddress>
				<ContactDetails>
					<Name>Name 19</Name>
					<Phone>201-111-1129</Phone>
					<Email>email 19</Email>
				</ContactDetails>
			</InstallationOperator>
			<ProducedMeasure>
				<NetMass>5</NetMass>
				<MeasurementUnit>01</MeasurementUnit>
			</ProducedMeasure>
			<InstallationEmissions>
				<OverallEmissions>5</OverallEmissions>
				<TotalDirect>5</TotalDirect>
				<TotalIndirect>5</TotalIndirect>
				<MeasurementUnit>g</MeasurementUnit>
			</InstallationEmissions>
			<DirectEmissions>
				<DeterminationType>02</DeterminationType>
				<ApplicableReportingTypeMethodology>TOM01</ApplicableReportingTypeMethodology>
				<MeasurementUnit>01</MeasurementUnit>
			</DirectEmissions>
			<IndirectEmissions>
				<DeterminationType>02</DeterminationType>
				<SpecificEmbeddedEmissions>0.32</SpecificEmbeddedEmissions>
				<MeasurementUnit>01</MeasurementUnit>
				<ElectricitySource>SOE03</ElectricitySource>
			</IndirectEmissions>
			<ProdMethodQualifyingParams>
				<SequenceNumber>19</SequenceNumber>
				<MethodId>P34</MethodId>
				<MethodName>Iron or steel products</MethodName>
			</ProdMethodQualifyingParams>
		</GoodsEmissions>
	</ImportedGood>
	<ImportedGood>
		<ItemNumber>20</ItemNumber>
		<CommodityCode>
			<HsCode>731822</HsCode>
			<CnCode>00</CnCode>
			<CommodityDetails>
				<Description>Other washers, iron or steel</Description>
			</CommodityDetails>
		</CommodityCode>
		<OriginCountry>
			<Country>MX</Country>
		</OriginCountry>
		<ImportedQuantity>
			<SequenceNumber>20</SequenceNumber>
			<Procedure>
				<RequestedProc>01</RequestedProc>
			</Procedure>
			<ImportArea>
				<ImportArea>EU</ImportArea>
			</ImportArea>
			<MeasureProcedureImported>
				<Indicator>01</Indicator>
				<NetMass>5</NetMass>
				<MeasurementUnit>01</MeasurementUnit>
			</MeasureProcedureImported>
		</ImportedQuantity>
		<MeasureImported>
			<NetMass>0.0001</NetMass>
			<MeasurementUnit>01</MeasurementUnit>
		</MeasureImported>
		<TotalEmissions>
			<EmissionsPerUnit>5</EmissionsPerUnit>
			<OverallEmissions>5</OverallEmissions>
			<TotalDirect>5</TotalDirect>
			<TotalIndirect>5</TotalIndirect>
			<MeasurementUnit>01</MeasurementUnit>
		</TotalEmissions>
		<GoodsEmissions>
			<SequenceNumber>20</SequenceNumber>
			<ProductionCountry>MX</ProductionCountry>
			<InstallationOperator>
				<OperatorId>P0267</OperatorId>
				<OperatorName>Name 20</OperatorName>
				<OperatorAddress>
					<Country>MX</Country>
					<City>City 20</City>
				</OperatorAddress>
				<ContactDetails>
					<Name>Name 20</Name>
					<Phone>201-111-1130</Phone>
					<Email>email 20</Email>
				</ContactDetails>
			</InstallationOperator>
			<ProducedMeasure>
				<NetMass>5</NetMass>
				<MeasurementUnit>01</MeasurementUnit>
			</ProducedMeasure>
			<InstallationEmissions>
				<OverallEmissions>55</OverallEmissions>
				<TotalDirect>5</TotalDirect>
				<TotalIndirect>5</TotalIndirect>
				<MeasurementUnit>g</MeasurementUnit>
			</InstallationEmissions>
			<DirectEmissions>
				<DeterminationType>02</DeterminationType>
				<ApplicableReportingTypeMethodology>TOM01</ApplicableReportingTypeMethodology>
				<MeasurementUnit>01</MeasurementUnit>
			</DirectEmissions>
			<IndirectEmissions>
				<DeterminationType>02</DeterminationType>
				<SpecificEmbeddedEmissions>0.32</SpecificEmbeddedEmissions>
				<MeasurementUnit>01</MeasurementUnit>
				<ElectricitySource>SOE03</ElectricitySource>
			</IndirectEmissions>
			<ProdMethodQualifyingParams>
				<SequenceNumber>20</SequenceNumber>
				<MethodId>P34</MethodId>
				<MethodName>Iron or steel products</MethodName>
			</ProdMethodQualifyingParams>
		</GoodsEmissions>
	</ImportedGood>
	<ImportedGood>
		<ItemNumber>21</ItemNumber>
		<CommodityCode>
			<HsCode>731822</HsCode>
			<CnCode>00</CnCode>
			<CommodityDetails>
				<Description>Other washers, iron or steel</Description>
			</CommodityDetails>
		</CommodityCode>
		<OriginCountry>
			<Country>MX</Country>
		</OriginCountry>
		<ImportedQuantity>
			<SequenceNumber>21</SequenceNumber>
			<Procedure>
				<RequestedProc>01</RequestedProc>
			</Procedure>
			<ImportArea>
				<ImportArea>EU</ImportArea>
			</ImportArea>
			<MeasureProcedureImported>
				<Indicator>01</Indicator>
				<NetMass>5</NetMass>
				<MeasurementUnit>01</MeasurementUnit>
			</MeasureProcedureImported>
		</ImportedQuantity>
		<MeasureImported>
			<NetMass>0.0001</NetMass>
			<MeasurementUnit>01</MeasurementUnit>
		</MeasureImported>
		<TotalEmissions>
			<EmissionsPerUnit>5</EmissionsPerUnit>
			<OverallEmissions>5</OverallEmissions>
			<TotalDirect>5</TotalDirect>
			<TotalIndirect>5</TotalIndirect>
			<MeasurementUnit>01</MeasurementUnit>
		</TotalEmissions>
		<GoodsEmissions>
			<SequenceNumber>21</SequenceNumber>
			<ProductionCountry>MX</ProductionCountry>
			<InstallationOperator>
				<OperatorId>P0267</OperatorId>
				<OperatorName>Name 21</OperatorName>
				<OperatorAddress>
					<Country>MX</Country>
					<City>City 21</City>
				</OperatorAddress>
				<ContactDetails>
					<Name>Name 21</Name>
					<Phone>201-111-1131</Phone>
					<Email>email 21</Email>
				</ContactDetails>
			</InstallationOperator>
			<ProducedMeasure>
				<NetMass>5</NetMass>
				<MeasurementUnit>01</MeasurementUnit>
			</ProducedMeasure>
			<InstallationEmissions>
				<OverallEmissions>5</OverallEmissions>
				<TotalDirect>5</TotalDirect>
				<TotalIndirect>5</TotalIndirect>
				<MeasurementUnit>g</MeasurementUnit>
			</InstallationEmissions>
			<DirectEmissions>
				<DeterminationType>02</DeterminationType>
				<ApplicableReportingTypeMethodology>TOM01</ApplicableReportingTypeMethodology>
				<MeasurementUnit>01</MeasurementUnit>
			</DirectEmissions>
			<IndirectEmissions>
				<DeterminationType>02</DeterminationType>
				<SpecificEmbeddedEmissions>0.32</SpecificEmbeddedEmissions>
				<MeasurementUnit>01</MeasurementUnit>
				<ElectricitySource>SOE03</ElectricitySource>
			</IndirectEmissions>
			<ProdMethodQualifyingParams>
				<SequenceNumber>21</SequenceNumber>
				<MethodId>P34</MethodId>
				<MethodName>Iron or steel products</MethodName>
			</ProdMethodQualifyingParams>
		</GoodsEmissions>
	</ImportedGood>
	<ImportedGood>
		<ItemNumber>22</ItemNumber>
		<CommodityCode>
			<HsCode>731822</HsCode>
			<CnCode>00</CnCode>
			<CommodityDetails>
				<Description>Other washers, iron or steel</Description>
			</CommodityDetails>
		</CommodityCode>
		<OriginCountry>
			<Country>US</Country>
		</OriginCountry>
		<ImportedQuantity>
			<SequenceNumber>22</SequenceNumber>
			<Procedure>
				<RequestedProc>01</RequestedProc>
			</Procedure>
			<ImportArea>
				<ImportArea>EU</ImportArea>
			</ImportArea>
			<MeasureProcedureImported>
				<Indicator>01</Indicator>
				<NetMass>5</NetMass>
				<MeasurementUnit>01</MeasurementUnit>
			</MeasureProcedureImported>
		</ImportedQuantity>
		<MeasureImported>
			<NetMass>0.0003</NetMass>
			<MeasurementUnit>01</MeasurementUnit>
		</MeasureImported>
		<TotalEmissions>
			<EmissionsPerUnit>5</EmissionsPerUnit>
			<OverallEmissions>5</OverallEmissions>
			<TotalDirect>5</TotalDirect>
			<TotalIndirect>5</TotalIndirect>
			<MeasurementUnit>01</MeasurementUnit>
		</TotalEmissions>
		<GoodsEmissions>
			<SequenceNumber>22</SequenceNumber>
			<ProductionCountry>US</ProductionCountry>
			<InstallationOperator>
				<OperatorId>T0494</OperatorId>
				<OperatorName>Name 22</OperatorName>
				<OperatorAddress>
					<Country>US</Country>
					<City>City 22</City>
				</OperatorAddress>
				<ContactDetails>
					<Name>Name 22</Name>
					<Phone>201-111-1132</Phone>
					<Email>email 22</Email>
				</ContactDetails>
			</InstallationOperator>
			<ProducedMeasure>
				<NetMass>5</NetMass>
				<MeasurementUnit>01</MeasurementUnit>
			</ProducedMeasure>
			<InstallationEmissions>
				<OverallEmissions>5</OverallEmissions>
				<TotalDirect>5</TotalDirect>
				<TotalIndirect>5</TotalIndirect>
				<MeasurementUnit>g</MeasurementUnit>
			</InstallationEmissions>
			<DirectEmissions>
				<DeterminationType>02</DeterminationType>
				<ApplicableReportingTypeMethodology>TOM01</ApplicableReportingTypeMethodology>
				<MeasurementUnit>01</MeasurementUnit>
			</DirectEmissions>
			<IndirectEmissions>
				<DeterminationType>02</DeterminationType>
				<SpecificEmbeddedEmissions>0.32</SpecificEmbeddedEmissions>
				<MeasurementUnit>01</MeasurementUnit>
				<ElectricitySource>SOE03</ElectricitySource>
			</IndirectEmissions>
			<ProdMethodQualifyingParams>
				<SequenceNumber>22</SequenceNumber>
				<MethodId>P34</MethodId>
				<MethodName>Iron or steel products</MethodName>
			</ProdMethodQualifyingParams>
		</GoodsEmissions>
	</ImportedGood>
	<ImportedGood>
		<ItemNumber>23</ItemNumber>
		<CommodityCode>
			<HsCode>731823</HsCode>
			<CnCode>00</CnCode>
			<CommodityDetails>
				<Description>Rivets, iron or steel</Description>
			</CommodityDetails>
		</CommodityCode>
		<OriginCountry>
			<Country>US</Country>
		</OriginCountry>
		<ImportedQuantity>
			<SequenceNumber>23</SequenceNumber>
			<Procedure>
				<RequestedProc>01</RequestedProc>
			</Procedure>
			<ImportArea>
				<ImportArea>EU</ImportArea>
			</ImportArea>
			<MeasureProcedureImported>
				<Indicator>01</Indicator>
				<NetMass>5</NetMass>
				<MeasurementUnit>01</MeasurementUnit>
			</MeasureProcedureImported>
		</ImportedQuantity>
		<MeasureImported>
			<NetMass>0.0000</NetMass>
			<MeasurementUnit>01</MeasurementUnit>
		</MeasureImported>
		<TotalEmissions>
			<EmissionsPerUnit>5</EmissionsPerUnit>
			<OverallEmissions>5</OverallEmissions>
			<TotalDirect>5</TotalDirect>
			<TotalIndirect>5</TotalIndirect>
			<MeasurementUnit>01</MeasurementUnit>
		</TotalEmissions>
		<GoodsEmissions>
			<SequenceNumber>23</SequenceNumber>
			<ProductionCountry>US</ProductionCountry>
			<InstallationOperator>
				<OperatorId>I369</OperatorId>
				<OperatorName>Name 23</OperatorName>
				<OperatorAddress>
					<Country>US</Country>
					<City>City 23</City>
				</OperatorAddress>
				<ContactDetails>
					<Name>Name 23</Name>
					<Phone>201-111-1133</Phone>
					<Email>email 23</Email>
				</ContactDetails>
			</InstallationOperator>
			<ProducedMeasure>
				<NetMass>5</NetMass>
				<MeasurementUnit>01</MeasurementUnit>
			</ProducedMeasure>
			<InstallationEmissions>
				<OverallEmissions>5</OverallEmissions>
				<TotalDirect>5</TotalDirect>
				<TotalIndirect>5</TotalIndirect>
				<MeasurementUnit>g</MeasurementUnit>
			</InstallationEmissions>
			<DirectEmissions>
				<DeterminationType>02</DeterminationType>
				<ApplicableReportingTypeMethodology>TOM01</ApplicableReportingTypeMethodology>
				<MeasurementUnit>01</MeasurementUnit>
			</DirectEmissions>
			<IndirectEmissions>
				<DeterminationType>02</DeterminationType>
				<SpecificEmbeddedEmissions>0.32</SpecificEmbeddedEmissions>
				<MeasurementUnit>01</MeasurementUnit>
				<ElectricitySource>SOE03</ElectricitySource>
			</IndirectEmissions>
			<ProdMethodQualifyingParams>
				<SequenceNumber>23</SequenceNumber>
				<MethodId>P34</MethodId>
				<MethodName>Iron or steel products</MethodName>
			</ProdMethodQualifyingParams>
		</GoodsEmissions>
	</ImportedGood>
	<ImportedGood>
		<ItemNumber>24</ItemNumber>
		<CommodityCode>
			<HsCode>731824</HsCode>
			<CnCode>00</CnCode>
			<CommodityDetails>
				<Description>Cotters and cotter pins, iron or steel</Description>
			</CommodityDetails>
		</CommodityCode>
		<OriginCountry>
			<Country>US</Country>
		</OriginCountry>
		<ImportedQuantity>
			<SequenceNumber>24</SequenceNumber>
			<Procedure>
				<RequestedProc>01</RequestedProc>
			</Procedure>
			<ImportArea>
				<ImportArea>EU</ImportArea>
			</ImportArea>
			<MeasureProcedureImported>
				<Indicator>01</Indicator>
				<NetMass>5</NetMass>
				<MeasurementUnit>01</MeasurementUnit>
			</MeasureProcedureImported>
		</ImportedQuantity>
		<MeasureImported>
			<NetMass>0.0068</NetMass>
			<MeasurementUnit>01</MeasurementUnit>
		</MeasureImported>
		<TotalEmissions>
			<EmissionsPerUnit>5</EmissionsPerUnit>
			<OverallEmissions>5</OverallEmissions>
			<TotalDirect>5</TotalDirect>
			<TotalIndirect>5</TotalIndirect>
			<MeasurementUnit>01</MeasurementUnit>
		</TotalEmissions>
		<GoodsEmissions>
			<SequenceNumber>24</SequenceNumber>
			<ProductionCountry>US</ProductionCountry>
			<InstallationOperator>
				<OperatorId>A025</OperatorId>
				<OperatorName>Name 24</OperatorName>
				<OperatorAddress>
					<Country>US</Country>
					<City>City 24</City>
				</OperatorAddress>
				<ContactDetails>
					<Name>Name 24</Name>
					<Phone>201-111-1134</Phone>
					<Email>email 24</Email>
				</ContactDetails>
			</InstallationOperator>
			<ProducedMeasure>
				<NetMass>5</NetMass>
				<MeasurementUnit>01</MeasurementUnit>
			</ProducedMeasure>
			<InstallationEmissions>
				<OverallEmissions>5</OverallEmissions>
				<TotalDirect>5</TotalDirect>
				<TotalIndirect>5</TotalIndirect>
				<MeasurementUnit>g</MeasurementUnit>
			</InstallationEmissions>
			<DirectEmissions>
				<DeterminationType>02</DeterminationType>
				<ApplicableReportingTypeMethodology>TOM01</ApplicableReportingTypeMethodology>
				<MeasurementUnit>01</MeasurementUnit>
			</DirectEmissions>
			<IndirectEmissions>
				<DeterminationType>02</DeterminationType>
				<SpecificEmbeddedEmissions>0.32</SpecificEmbeddedEmissions>
				<MeasurementUnit>01</MeasurementUnit>
				<ElectricitySource>SOE03</ElectricitySource>
			</IndirectEmissions>
			<ProdMethodQualifyingParams>
				<SequenceNumber>24</SequenceNumber>
				<MethodId>P34</MethodId>
				<MethodName>Iron or steel products</MethodName>
			</ProdMethodQualifyingParams>
		</GoodsEmissions>
	</ImportedGood>
	<ImportedGood>
		<ItemNumber>25</ItemNumber>
		<CommodityCode>
			<HsCode>731824</HsCode>
			<CnCode>00</CnCode>
			<CommodityDetails>
				<Description>Cotters and cotter pins, iron or steel</Description>
			</CommodityDetails>
		</CommodityCode>
		<OriginCountry>
			<Country>US</Country>
		</OriginCountry>
		<ImportedQuantity>
			<SequenceNumber>25</SequenceNumber>
			<Procedure>
				<RequestedProc>01</RequestedProc>
			</Procedure>
			<ImportArea>
				<ImportArea>EU</ImportArea>
			</ImportArea>
			<MeasureProcedureImported>
				<Indicator>01</Indicator>
				<NetMass>5</NetMass>
				<MeasurementUnit>01</MeasurementUnit>
			</MeasureProcedureImported>
		</ImportedQuantity>
		<MeasureImported>
			<NetMass>0.0000</NetMass>
			<MeasurementUnit>01</MeasurementUnit>
		</MeasureImported>
		<TotalEmissions>
			<EmissionsPerUnit>5</EmissionsPerUnit>
			<OverallEmissions>5</OverallEmissions>
			<TotalDirect>5</TotalDirect>
			<TotalIndirect>5</TotalIndirect>
			<MeasurementUnit>01</MeasurementUnit>
		</TotalEmissions>
		<GoodsEmissions>
			<SequenceNumber>25</SequenceNumber>
			<ProductionCountry>US</ProductionCountry>
			<InstallationOperator>
				<OperatorId>R0010</OperatorId>
				<OperatorName>Name 25</OperatorName>
				<OperatorAddress>
					<Country>US</Country>
					<City>City 25</City>
				</OperatorAddress>
				<ContactDetails>
					<Name>Name 25</Name>
					<Phone>201-111-1135</Phone>
					<Email>email 25</Email>
				</ContactDetails>
			</InstallationOperator>
			<ProducedMeasure>
				<NetMass>5</NetMass>
				<MeasurementUnit>01</MeasurementUnit>
			</ProducedMeasure>
			<InstallationEmissions>
				<OverallEmissions>5</OverallEmissions>
				<TotalDirect>5</TotalDirect>
				<TotalIndirect>5</TotalIndirect>
				<MeasurementUnit>g</MeasurementUnit>
			</InstallationEmissions>
			<DirectEmissions>
				<DeterminationType>02</DeterminationType>
				<ApplicableReportingTypeMethodology>TOM01</ApplicableReportingTypeMethodology>
				<MeasurementUnit>01</MeasurementUnit>
			</DirectEmissions>
			<IndirectEmissions>
				<DeterminationType>02</DeterminationType>
				<SpecificEmbeddedEmissions>0.32</SpecificEmbeddedEmissions>
				<MeasurementUnit>01</MeasurementUnit>
				<ElectricitySource>SOE03</ElectricitySource>
			</IndirectEmissions>
			<ProdMethodQualifyingParams>
				<SequenceNumber>25</SequenceNumber>
				<MethodId>P34</MethodId>
				<MethodName>Iron or steel products</MethodName>
			</ProdMethodQualifyingParams>
		</GoodsEmissions>
	</ImportedGood>
	<ImportedGood>
		<ItemNumber>26</ItemNumber>
		<CommodityCode>
			<HsCode>731824</HsCode>
			<CnCode>00</CnCode>
			<CommodityDetails>
				<Description>Cotters and cotter pins, iron or steel</Description>
			</CommodityDetails>
		</CommodityCode>
		<OriginCountry>
			<Country>US</Country>
		</OriginCountry>
		<ImportedQuantity>
			<SequenceNumber>26</SequenceNumber>
			<Procedure>
				<RequestedProc>01</RequestedProc>
			</Procedure>
			<ImportArea>
				<ImportArea>EU</ImportArea>
			</ImportArea>
			<MeasureProcedureImported>
				<Indicator>01</Indicator>
				<NetMass>5</NetMass>
				<MeasurementUnit>01</MeasurementUnit>
			</MeasureProcedureImported>
		</ImportedQuantity>
		<MeasureImported>
			<NetMass>0.0000</NetMass>
			<MeasurementUnit>01</MeasurementUnit>
		</MeasureImported>
		<TotalEmissions>
			<EmissionsPerUnit>5</EmissionsPerUnit>
			<OverallEmissions>5</OverallEmissions>
			<TotalDirect>5</TotalDirect>
			<TotalIndirect>5</TotalIndirect>
			<MeasurementUnit>01</MeasurementUnit>
		</TotalEmissions>
		<GoodsEmissions>
			<SequenceNumber>26</SequenceNumber>
			<ProductionCountry>US</ProductionCountry>
			<InstallationOperator>
				<OperatorId>S826</OperatorId>
				<OperatorName>Name 26</OperatorName>
				<OperatorAddress>
					<Country>US</Country>
					<City>City 26</City>
				</OperatorAddress>
				<ContactDetails>
					<Name>Name 26</Name>
					<Phone>201-111-1136</Phone>
					<Email>email 26</Email>
				</ContactDetails>
			</InstallationOperator>
			<ProducedMeasure>
				<NetMass>5</NetMass>
				<MeasurementUnit>01</MeasurementUnit>
			</ProducedMeasure>
			<InstallationEmissions>
				<OverallEmissions>55</OverallEmissions>
				<TotalDirect>5</TotalDirect>
				<TotalIndirect>5</TotalIndirect>
				<MeasurementUnit>g</MeasurementUnit>
			</InstallationEmissions>
			<DirectEmissions>
				<DeterminationType>02</DeterminationType>
				<ApplicableReportingTypeMethodology>TOM01</ApplicableReportingTypeMethodology>
				<MeasurementUnit>01</MeasurementUnit>
			</DirectEmissions>
			<IndirectEmissions>
				<DeterminationType>02</DeterminationType>
				<SpecificEmbeddedEmissions>0.32</SpecificEmbeddedEmissions>
				<MeasurementUnit>01</MeasurementUnit>
				<ElectricitySource>SOE03</ElectricitySource>
			</IndirectEmissions>
			<ProdMethodQualifyingParams>
				<SequenceNumber>26</SequenceNumber>
				<MethodId>P34</MethodId>
				<MethodName>Iron or steel products</MethodName>
			</ProdMethodQualifyingParams>
		</GoodsEmissions>
	</ImportedGood>
	<ImportedGood>
		<ItemNumber>27</ItemNumber>
		<CommodityCode>
			<HsCode>731829</HsCode>
			<CnCode>00</CnCode>
			<CommodityDetails>
				<Description>Other, iron or steel</Description>
			</CommodityDetails>
		</CommodityCode>
		<OriginCountry>
			<Country>US</Country>
		</OriginCountry>
		<ImportedQuantity>
			<SequenceNumber>27</SequenceNumber>
			<Procedure>
				<RequestedProc>01</RequestedProc>
			</Procedure>
			<ImportArea>
				<ImportArea>EU</ImportArea>
			</ImportArea>
			<MeasureProcedureImported>
				<Indicator>01</Indicator>
				<NetMass>5</NetMass>
				<MeasurementUnit>01</MeasurementUnit>
			</MeasureProcedureImported>
		</ImportedQuantity>
		<MeasureImported>
			<NetMass>0.0026</NetMass>
			<MeasurementUnit>01</MeasurementUnit>
		</MeasureImported>
		<TotalEmissions>
			<EmissionsPerUnit>5</EmissionsPerUnit>
			<OverallEmissions>5</OverallEmissions>
			<TotalDirect>5</TotalDirect>
			<TotalIndirect>5</TotalIndirect>
			<MeasurementUnit>01</MeasurementUnit>
		</TotalEmissions>
		<GoodsEmissions>
			<SequenceNumber>27</SequenceNumber>
			<ProductionCountry>US</ProductionCountry>
			<InstallationOperator>
				<OperatorId>A025</OperatorId>
				<OperatorName>Name 27</OperatorName>
				<OperatorAddress>
					<Country>US</Country>
					<City>City 27</City>
				</OperatorAddress>
				<ContactDetails>
					<Name>Name 27</Name>
					<Phone>201-111-1137</Phone>
					<Email>email 27</Email>
				</ContactDetails>
			</InstallationOperator>
			<ProducedMeasure>
				<NetMass>5</NetMass>
				<MeasurementUnit>01</MeasurementUnit>
			</ProducedMeasure>
			<InstallationEmissions>
				<OverallEmissions>5</OverallEmissions>
				<TotalDirect>5</TotalDirect>
				<TotalIndirect>5</TotalIndirect>
				<MeasurementUnit>g</MeasurementUnit>
			</InstallationEmissions>
			<DirectEmissions>
				<DeterminationType>02</DeterminationType>
				<ApplicableReportingTypeMethodology>TOM01</ApplicableReportingTypeMethodology>
				<MeasurementUnit>01</MeasurementUnit>
			</DirectEmissions>
			<IndirectEmissions>
				<DeterminationType>02</DeterminationType>
				<SpecificEmbeddedEmissions>0.32</SpecificEmbeddedEmissions>
				<MeasurementUnit>01</MeasurementUnit>
				<ElectricitySource>SOE03</ElectricitySource>
			</IndirectEmissions>
			<ProdMethodQualifyingParams>
				<SequenceNumber>27</SequenceNumber>
				<MethodId>P34</MethodId>
				<MethodName>Iron or steel products</MethodName>
			</ProdMethodQualifyingParams>
		</GoodsEmissions>
	</ImportedGood>
	<ImportedGood>
		<ItemNumber>28</ItemNumber>
		<CommodityCode>
			<HsCode>731829</HsCode>
			<CnCode>00</CnCode>
			<CommodityDetails>
				<Description>Other, iron or steel</Description>
			</CommodityDetails>
		</CommodityCode>
		<OriginCountry>
			<Country>US</Country>
		</OriginCountry>
		<ImportedQuantity>
			<SequenceNumber>28</SequenceNumber>
			<Procedure>
				<RequestedProc>01</RequestedProc>
			</Procedure>
			<ImportArea>
				<ImportArea>EU</ImportArea>
			</ImportArea>
			<MeasureProcedureImported>
				<Indicator>01</Indicator>
				<NetMass>5</NetMass>
				<MeasurementUnit>01</MeasurementUnit>
			</MeasureProcedureImported>
		</ImportedQuantity>
		<MeasureImported>
			<NetMass>0.0001</NetMass>
			<MeasurementUnit>01</MeasurementUnit>
		</MeasureImported>
		<TotalEmissions>
			<EmissionsPerUnit>5</EmissionsPerUnit>
			<OverallEmissions>5</OverallEmissions>
			<TotalDirect>5</TotalDirect>
			<TotalIndirect>5</TotalIndirect>
			<MeasurementUnit>01</MeasurementUnit>
		</TotalEmissions>
		<GoodsEmissions>
			<SequenceNumber>28</SequenceNumber>
			<ProductionCountry>US</ProductionCountry>
			<InstallationOperator>
				<OperatorId>D322</OperatorId>
				<OperatorName>Name 28</OperatorName>
				<OperatorAddress>
					<Country>US</Country>
					<City>City 28</City>
				</OperatorAddress>
				<ContactDetails>
					<Name>Name 28</Name>
					<Phone>201-111-1138</Phone>
					<Email>email 28</Email>
				</ContactDetails>
			</InstallationOperator>
			<ProducedMeasure>
				<NetMass>5</NetMass>
				<MeasurementUnit>01</MeasurementUnit>
			</ProducedMeasure>
			<InstallationEmissions>
				<OverallEmissions>5</OverallEmissions>
				<TotalDirect>5</TotalDirect>
				<TotalIndirect>5</TotalIndirect>
				<MeasurementUnit>g</MeasurementUnit>
			</InstallationEmissions>
			<DirectEmissions>
				<DeterminationType>02</DeterminationType>
				<ApplicableReportingTypeMethodology>TOM01</ApplicableReportingTypeMethodology>
				<MeasurementUnit>01</MeasurementUnit>
			</DirectEmissions>
			<IndirectEmissions>
				<DeterminationType>02</DeterminationType>
				<SpecificEmbeddedEmissions>0.32</SpecificEmbeddedEmissions>
				<MeasurementUnit>01</MeasurementUnit>
				<ElectricitySource>SOE03</ElectricitySource>
			</IndirectEmissions>
			<ProdMethodQualifyingParams>
				<SequenceNumber>28</SequenceNumber>
				<MethodId>P34</MethodId>
				<MethodName>Iron or steel products</MethodName>
			</ProdMethodQualifyingParams>
		</GoodsEmissions>
	</ImportedGood>
	<ImportedGood>
		<ItemNumber>29</ItemNumber>
		<CommodityCode>
			<HsCode>731829</HsCode>
			<CnCode>00</CnCode>
			<CommodityDetails>
				<Description>Other, iron or steel</Description>
			</CommodityDetails>
		</CommodityCode>
		<OriginCountry>
			<Country>US</Country>
		</OriginCountry>
		<ImportedQuantity>
			<SequenceNumber>29</SequenceNumber>
			<Procedure>
				<RequestedProc>01</RequestedProc>
			</Procedure>
			<ImportArea>
				<ImportArea>EU</ImportArea>
			</ImportArea>
			<MeasureProcedureImported>
				<Indicator>01</Indicator>
				<NetMass>5</NetMass>
				<MeasurementUnit>01</MeasurementUnit>
			</MeasureProcedureImported>
		</ImportedQuantity>
		<MeasureImported>
			<NetMass>0.0000</NetMass>
			<MeasurementUnit>01</MeasurementUnit>
		</MeasureImported>
		<TotalEmissions>
			<EmissionsPerUnit>5</EmissionsPerUnit>
			<OverallEmissions>5</OverallEmissions>
			<TotalDirect>5</TotalDirect>
			<TotalIndirect>5</TotalIndirect>
			<MeasurementUnit>01</MeasurementUnit>
		</TotalEmissions>
		<GoodsEmissions>
			<SequenceNumber>29</SequenceNumber>
			<ProductionCountry>US</ProductionCountry>
			<InstallationOperator>
				<OperatorId>M0346</OperatorId>
				<OperatorName>Name 29</OperatorName>
				<OperatorAddress>
					<Country>US</Country>
					<City>City 29</City>
				</OperatorAddress>
				<ContactDetails>
					<Name>Name 29</Name>
					<Phone>201-111-1139</Phone>
					<Email>email 29</Email>
				</ContactDetails>
			</InstallationOperator>
			<ProducedMeasure>
				<NetMass>5</NetMass>
				<MeasurementUnit>01</MeasurementUnit>
			</ProducedMeasure>
			<InstallationEmissions>
				<OverallEmissions>5</OverallEmissions>
				<TotalDirect>5</TotalDirect>
				<TotalIndirect>5</TotalIndirect>
				<MeasurementUnit>g</MeasurementUnit>
			</InstallationEmissions>
			<DirectEmissions>
				<DeterminationType>02</DeterminationType>
				<ApplicableReportingTypeMethodology>TOM01</ApplicableReportingTypeMethodology>
				<MeasurementUnit>01</MeasurementUnit>
			</DirectEmissions>
			<IndirectEmissions>
				<DeterminationType>02</DeterminationType>
				<SpecificEmbeddedEmissions>0.32</SpecificEmbeddedEmissions>
				<MeasurementUnit>01</MeasurementUnit>
				<ElectricitySource>SOE03</ElectricitySource>
			</IndirectEmissions>
			<ProdMethodQualifyingParams>
				<SequenceNumber>29</SequenceNumber>
				<MethodId>P34</MethodId>
				<MethodName>Iron or steel products</MethodName>
			</ProdMethodQualifyingParams>
		</GoodsEmissions>
	</ImportedGood>
	<ImportedGood>
		<ItemNumber>30</ItemNumber>
		<CommodityCode>
			<HsCode>731829</HsCode>
			<CnCode>00</CnCode>
			<CommodityDetails>
				<Description>Other, iron or steel</Description>
			</CommodityDetails>
		</CommodityCode>
		<OriginCountry>
			<Country>US</Country>
		</OriginCountry>
		<ImportedQuantity>
			<SequenceNumber>30</SequenceNumber>
			<Procedure>
				<RequestedProc>01</RequestedProc>
			</Procedure>
			<ImportArea>
				<ImportArea>EU</ImportArea>
			</ImportArea>
			<MeasureProcedureImported>
				<Indicator>01</Indicator>
				<NetMass>5</NetMass>
				<MeasurementUnit>01</MeasurementUnit>
			</MeasureProcedureImported>
		</ImportedQuantity>
		<MeasureImported>
			<NetMass>0.0002</NetMass>
			<MeasurementUnit>01</MeasurementUnit>
		</MeasureImported>
		<TotalEmissions>
			<EmissionsPerUnit>5</EmissionsPerUnit>
			<OverallEmissions>5</OverallEmissions>
			<TotalDirect>5</TotalDirect>
			<TotalIndirect>5</TotalIndirect>
			<MeasurementUnit>01</MeasurementUnit>
		</TotalEmissions>
		<GoodsEmissions>
			<SequenceNumber>30</SequenceNumber>
			<ProductionCountry>US</ProductionCountry>
			<InstallationOperator>
				<OperatorId>R0010</OperatorId>
				<OperatorName>Name 30</OperatorName>
				<OperatorAddress>
					<Country>US</Country>
					<City>City 30</City>
				</OperatorAddress>
				<ContactDetails>
					<Name>Name 30</Name>
					<Phone>201-111-1140</Phone>
					<Email>email 30</Email>
				</ContactDetails>
			</InstallationOperator>
			<ProducedMeasure>
				<NetMass>5</NetMass>
				<MeasurementUnit>01</MeasurementUnit>
			</ProducedMeasure>
			<InstallationEmissions>
				<OverallEmissions>5</OverallEmissions>
				<TotalDirect>5</TotalDirect>
				<TotalIndirect>5</TotalIndirect>
				<MeasurementUnit>g</MeasurementUnit>
			</InstallationEmissions>
			<DirectEmissions>
				<DeterminationType>02</DeterminationType>
				<ApplicableReportingTypeMethodology>TOM01</ApplicableReportingTypeMethodology>
				<MeasurementUnit>01</MeasurementUnit>
			</DirectEmissions>
			<IndirectEmissions>
				<DeterminationType>02</DeterminationType>
				<SpecificEmbeddedEmissions>0.32</SpecificEmbeddedEmissions>
				<MeasurementUnit>01</MeasurementUnit>
				<ElectricitySource>SOE03</ElectricitySource>
			</IndirectEmissions>
			<ProdMethodQualifyingParams>
				<SequenceNumber>30</SequenceNumber>
				<MethodId>P34</MethodId>
				<MethodName>Iron or steel products</MethodName>
			</ProdMethodQualifyingParams>
		</GoodsEmissions>
	</ImportedGood>
	<ImportedGood>
		<ItemNumber>31</ItemNumber>
		<CommodityCode>
			<HsCode>731829</HsCode>
			<CnCode>00</CnCode>
			<CommodityDetails>
				<Description>Other, iron or steel</Description>
			</CommodityDetails>
		</CommodityCode>
		<OriginCountry>
			<Country>US</Country>
		</OriginCountry>
		<ImportedQuantity>
			<SequenceNumber>31</SequenceNumber>
			<Procedure>
				<RequestedProc>01</RequestedProc>
			</Procedure>
			<ImportArea>
				<ImportArea>EU</ImportArea>
			</ImportArea>
			<MeasureProcedureImported>
				<Indicator>01</Indicator>
				<NetMass>5</NetMass>
				<MeasurementUnit>01</MeasurementUnit>
			</MeasureProcedureImported>
		</ImportedQuantity>
		<MeasureImported>
			<NetMass>0.0001</NetMass>
			<MeasurementUnit>01</MeasurementUnit>
		</MeasureImported>
		<TotalEmissions>
			<EmissionsPerUnit>5</EmissionsPerUnit>
			<OverallEmissions>5</OverallEmissions>
			<TotalDirect>5</TotalDirect>
			<TotalIndirect>5</TotalIndirect>
			<MeasurementUnit>01</MeasurementUnit>
		</TotalEmissions>
		<GoodsEmissions>
			<SequenceNumber>31</SequenceNumber>
			<ProductionCountry>US</ProductionCountry>
			<InstallationOperator>
				<OperatorId>S108</OperatorId>
				<OperatorName>Name 31</OperatorName>
				<OperatorAddress>
					<Country>US</Country>
					<City>City 31</City>
				</OperatorAddress>
				<ContactDetails>
					<Name>Name 31</Name>
					<Phone>201-111-1141</Phone>
					<Email>email 31</Email>
				</ContactDetails>
			</InstallationOperator>
			<ProducedMeasure>
				<NetMass>5</NetMass>
				<MeasurementUnit>01</MeasurementUnit>
			</ProducedMeasure>
			<InstallationEmissions>
				<OverallEmissions>5</OverallEmissions>
				<TotalDirect>5</TotalDirect>
				<TotalIndirect>5</TotalIndirect>
				<MeasurementUnit>g</MeasurementUnit>
			</InstallationEmissions>
			<DirectEmissions>
				<DeterminationType>02</DeterminationType>
				<ApplicableReportingTypeMethodology>TOM01</ApplicableReportingTypeMethodology>
				<MeasurementUnit>01</MeasurementUnit>
			</DirectEmissions>
			<IndirectEmissions>
				<DeterminationType>02</DeterminationType>
				<SpecificEmbeddedEmissions>0.32</SpecificEmbeddedEmissions>
				<MeasurementUnit>01</MeasurementUnit>
				<ElectricitySource>SOE03</ElectricitySource>
			</IndirectEmissions>
			<ProdMethodQualifyingParams>
				<SequenceNumber>31</SequenceNumber>
				<MethodId>P34</MethodId>
				<MethodName>Iron or steel products</MethodName>
			</ProdMethodQualifyingParams>
		</GoodsEmissions>
	</ImportedGood>
	<ImportedGood>
		<ItemNumber>32</ItemNumber>
		<CommodityCode>
			<HsCode>731829</HsCode>
			<CnCode>00</CnCode>
			<CommodityDetails>
				<Description>Other, iron or steel</Description>
			</CommodityDetails>
		</CommodityCode>
		<OriginCountry>
			<Country>US</Country>
		</OriginCountry>
		<ImportedQuantity>
			<SequenceNumber>32</SequenceNumber>
			<Procedure>
				<RequestedProc>01</RequestedProc>
			</Procedure>
			<ImportArea>
				<ImportArea>EU</ImportArea>
			</ImportArea>
			<MeasureProcedureImported>
				<Indicator>01</Indicator>
				<NetMass>5</NetMass>
				<MeasurementUnit>01</MeasurementUnit>
			</MeasureProcedureImported>
		</ImportedQuantity>
		<MeasureImported>
			<NetMass>0.0008</NetMass>
			<MeasurementUnit>01</MeasurementUnit>
		</MeasureImported>
		<TotalEmissions>
			<EmissionsPerUnit>5</EmissionsPerUnit>
			<OverallEmissions>5</OverallEmissions>
			<TotalDirect>5</TotalDirect>
			<TotalIndirect>5</TotalIndirect>
			<MeasurementUnit>01</MeasurementUnit>
		</TotalEmissions>
		<GoodsEmissions>
			<SequenceNumber>32</SequenceNumber>
			<ProductionCountry>US</ProductionCountry>
			<InstallationOperator>
				<OperatorId>S826</OperatorId>
				<OperatorName>Name 32</OperatorName>
				<OperatorAddress>
					<Country>US</Country>
					<City>City 32</City>
				</OperatorAddress>
				<ContactDetails>
					<Name>Name 32</Name>
					<Phone>201-111-1142</Phone>
					<Email>email 32</Email>
				</ContactDetails>
			</InstallationOperator>
			<ProducedMeasure>
				<NetMass>5</NetMass>
				<MeasurementUnit>01</MeasurementUnit>
			</ProducedMeasure>
			<InstallationEmissions>
				<OverallEmissions>55</OverallEmissions>
				<TotalDirect>5</TotalDirect>
				<TotalIndirect>5</TotalIndirect>
				<MeasurementUnit>g</MeasurementUnit>
			</InstallationEmissions>
			<DirectEmissions>
				<DeterminationType>02</DeterminationType>
				<ApplicableReportingTypeMethodology>TOM01</ApplicableReportingTypeMethodology>
				<MeasurementUnit>01</MeasurementUnit>
			</DirectEmissions>
			<IndirectEmissions>
				<DeterminationType>02</DeterminationType>
				<SpecificEmbeddedEmissions>0.32</SpecificEmbeddedEmissions>
				<MeasurementUnit>01</MeasurementUnit>
				<ElectricitySource>SOE03</ElectricitySource>
			</IndirectEmissions>
			<ProdMethodQualifyingParams>
				<SequenceNumber>32</SequenceNumber>
				<MethodId>P34</MethodId>
				<MethodName>Iron or steel products</MethodName>
			</ProdMethodQualifyingParams>
		</GoodsEmissions>
	</ImportedGood>
	<ImportedGood>
		<ItemNumber>33</ItemNumber>
		<CommodityCode>
			<HsCode>731829</HsCode>
			<CnCode>00</CnCode>
			<CommodityDetails>
				<Description>Other, iron or steel</Description>
			</CommodityDetails>
		</CommodityCode>
		<OriginCountry>
			<Country>US</Country>
		</OriginCountry>
		<ImportedQuantity>
			<SequenceNumber>33</SequenceNumber>
			<Procedure>
				<RequestedProc>01</RequestedProc>
			</Procedure>
			<ImportArea>
				<ImportArea>EU</ImportArea>
			</ImportArea>
			<MeasureProcedureImported>
				<Indicator>01</Indicator>
				<NetMass>5</NetMass>
				<MeasurementUnit>01</MeasurementUnit>
			</MeasureProcedureImported>
		</ImportedQuantity>
		<MeasureImported>
			<NetMass>0.0000</NetMass>
			<MeasurementUnit>01</MeasurementUnit>
		</MeasureImported>
		<TotalEmissions>
			<EmissionsPerUnit>5</EmissionsPerUnit>
			<OverallEmissions>5</OverallEmissions>
			<TotalDirect>5</TotalDirect>
			<TotalIndirect>5</TotalIndirect>
			<MeasurementUnit>01</MeasurementUnit>
		</TotalEmissions>
		<GoodsEmissions>
			<SequenceNumber>33</SequenceNumber>
			<ProductionCountry>US</ProductionCountry>
			<InstallationOperator>
				<OperatorId>UNKWN1</OperatorId>
				<OperatorName>Name 33</OperatorName>
				<OperatorAddress>
					<Country>US</Country>
					<City>City 33</City>
				</OperatorAddress>
				<ContactDetails>
					<Name>Name 33</Name>
					<Phone>201-111-1143</Phone>
					<Email>email 33</Email>
				</ContactDetails>
			</InstallationOperator>
			<ProducedMeasure>
				<NetMass>5</NetMass>
				<MeasurementUnit>01</MeasurementUnit>
			</ProducedMeasure>
			<InstallationEmissions>
				<OverallEmissions>5</OverallEmissions>
				<TotalDirect>5</TotalDirect>
				<TotalIndirect>5</TotalIndirect>
				<MeasurementUnit>g</MeasurementUnit>
			</InstallationEmissions>
			<DirectEmissions>
				<DeterminationType>02</DeterminationType>
				<ApplicableReportingTypeMethodology>TOM01</ApplicableReportingTypeMethodology>
				<MeasurementUnit>01</MeasurementUnit>
			</DirectEmissions>
			<IndirectEmissions>
				<DeterminationType>02</DeterminationType>
				<SpecificEmbeddedEmissions>0.32</SpecificEmbeddedEmissions>
				<MeasurementUnit>01</MeasurementUnit>
				<ElectricitySource>SOE03</ElectricitySource>
			</IndirectEmissions>
			<ProdMethodQualifyingParams>
				<SequenceNumber>33</SequenceNumber>
				<MethodId>P34</MethodId>
				<MethodName>Iron or steel products</MethodName>
			</ProdMethodQualifyingParams>
		</GoodsEmissions>
	</ImportedGood>
	<ImportedGood>
		<ItemNumber>34</ItemNumber>
		<CommodityCode>
			<HsCode>732690</HsCode>
			<CnCode>98</CnCode>
			<CommodityDetails>
				<Description>Other articles of iron or steel</Description>
			</CommodityDetails>
		</CommodityCode>
		<OriginCountry>
			<Country>US</Country>
		</OriginCountry>
		<ImportedQuantity>
			<SequenceNumber>34</SequenceNumber>
			<Procedure>
				<RequestedProc>01</RequestedProc>
			</Procedure>
			<ImportArea>
				<ImportArea>EU</ImportArea>
			</ImportArea>
			<MeasureProcedureImported>
				<Indicator>01</Indicator>
				<NetMass>5</NetMass>
				<MeasurementUnit>01</MeasurementUnit>
			</MeasureProcedureImported>
		</ImportedQuantity>
		<MeasureImported>
			<NetMass>0.0002</NetMass>
			<MeasurementUnit>01</MeasurementUnit>
		</MeasureImported>
		<TotalEmissions>
			<EmissionsPerUnit>5</EmissionsPerUnit>
			<OverallEmissions>5</OverallEmissions>
			<TotalDirect>5</TotalDirect>
			<TotalIndirect>5</TotalIndirect>
			<MeasurementUnit>01</MeasurementUnit>
		</TotalEmissions>
		<GoodsEmissions>
			<SequenceNumber>34</SequenceNumber>
			<ProductionCountry>US</ProductionCountry>
			<InstallationOperator>
				<OperatorId>A156</OperatorId>
				<OperatorName>Name 34</OperatorName>
				<OperatorAddress>
					<Country>US</Country>
					<City>City 34</City>
				</OperatorAddress>
				<ContactDetails>
					<Name>Name 34</Name>
					<Phone>201-111-1144</Phone>
					<Email>email 34</Email>
				</ContactDetails>
			</InstallationOperator>
			<ProducedMeasure>
				<NetMass>5</NetMass>
				<MeasurementUnit>01</MeasurementUnit>
			</ProducedMeasure>
			<InstallationEmissions>
				<OverallEmissions>5</OverallEmissions>
				<TotalDirect>5</TotalDirect>
				<TotalIndirect>5</TotalIndirect>
				<MeasurementUnit>g</MeasurementUnit>
			</InstallationEmissions>
			<DirectEmissions>
				<DeterminationType>02</DeterminationType>
				<ApplicableReportingTypeMethodology>TOM01</ApplicableReportingTypeMethodology>
				<MeasurementUnit>01</MeasurementUnit>
			</DirectEmissions>
			<IndirectEmissions>
				<DeterminationType>02</DeterminationType>
				<SpecificEmbeddedEmissions>0.39</SpecificEmbeddedEmissions>
				<MeasurementUnit>01</MeasurementUnit>
				<ElectricitySource>SOE03</ElectricitySource>
			</IndirectEmissions>
			<ProdMethodQualifyingParams>
				<SequenceNumber>34</SequenceNumber>
				<MethodId>P34</MethodId>
				<MethodName>Iron or steel products</MethodName>
			</ProdMethodQualifyingParams>
		</GoodsEmissions>
	</ImportedGood>
	<ImportedGood>
		<ItemNumber>35</ItemNumber>
		<CommodityCode>
			<HsCode>732690</HsCode>
			<CnCode>98</CnCode>
			<CommodityDetails>
				<Description>Other articles of iron or steel</Description>
			</CommodityDetails>
		</CommodityCode>
		<OriginCountry>
			<Country>US</Country>
		</OriginCountry>
		<ImportedQuantity>
			<SequenceNumber>35</SequenceNumber>
			<Procedure>
				<RequestedProc>01</RequestedProc>
			</Procedure>
			<ImportArea>
				<ImportArea>EU</ImportArea>
			</ImportArea>
			<MeasureProcedureImported>
				<Indicator>01</Indicator>
				<NetMass>5</NetMass>
				<MeasurementUnit>01</MeasurementUnit>
			</MeasureProcedureImported>
		</ImportedQuantity>
		<MeasureImported>
			<NetMass>0.0019</NetMass>
			<MeasurementUnit>01</MeasurementUnit>
		</MeasureImported>
		<TotalEmissions>
			<EmissionsPerUnit>5</EmissionsPerUnit>
			<OverallEmissions>5</OverallEmissions>
			<TotalDirect>5</TotalDirect>
			<TotalIndirect>5</TotalIndirect>
			<MeasurementUnit>01</MeasurementUnit>
		</TotalEmissions>
		<GoodsEmissions>
			<SequenceNumber>35</SequenceNumber>
			<ProductionCountry>US</ProductionCountry>
			<InstallationOperator>
				<OperatorId>G0330</OperatorId>
				<OperatorName>Name 35</OperatorName>
				<OperatorAddress>
					<Country>US</Country>
					<City>City 35</City>
				</OperatorAddress>
				<ContactDetails>
					<Name>Name 35</Name>
					<Phone>201-111-1145</Phone>
					<Email>email 35</Email>
				</ContactDetails>
			</InstallationOperator>
			<ProducedMeasure>
				<NetMass>5</NetMass>
				<MeasurementUnit>01</MeasurementUnit>
			</ProducedMeasure>
			<InstallationEmissions>
				<OverallEmissions>5</OverallEmissions>
				<TotalDirect>5</TotalDirect>
				<TotalIndirect>5</TotalIndirect>
				<MeasurementUnit>g</MeasurementUnit>
			</InstallationEmissions>
			<DirectEmissions>
				<DeterminationType>02</DeterminationType>
				<ApplicableReportingTypeMethodology>TOM01</ApplicableReportingTypeMethodology>
				<MeasurementUnit>01</MeasurementUnit>
			</DirectEmissions>
			<IndirectEmissions>
				<DeterminationType>02</DeterminationType>
				<SpecificEmbeddedEmissions>0.39</SpecificEmbeddedEmissions>
				<MeasurementUnit>01</MeasurementUnit>
				<ElectricitySource>SOE03</ElectricitySource>
			</IndirectEmissions>
			<ProdMethodQualifyingParams>
				<SequenceNumber>35</SequenceNumber>
				<MethodId>P34</MethodId>
				<MethodName>Iron or steel products</MethodName>
			</ProdMethodQualifyingParams>
		</GoodsEmissions>
	</ImportedGood>
	<ImportedGood>
		<ItemNumber>36</ItemNumber>
		<CommodityCode>
			<HsCode>732690</HsCode>
			<CnCode>98</CnCode>
			<CommodityDetails>
				<Description>Other articles of iron or steel</Description>
			</CommodityDetails>
		</CommodityCode>
		<OriginCountry>
			<Country>US</Country>
		</OriginCountry>
		<ImportedQuantity>
			<SequenceNumber>36</SequenceNumber>
			<Procedure>
				<RequestedProc>01</RequestedProc>
			</Procedure>
			<ImportArea>
				<ImportArea>EU</ImportArea>
			</ImportArea>
			<MeasureProcedureImported>
				<Indicator>01</Indicator>
				<NetMass>5</NetMass>
				<MeasurementUnit>01</MeasurementUnit>
			</MeasureProcedureImported>
		</ImportedQuantity>
		<MeasureImported>
			<NetMass>0.0023</NetMass>
			<MeasurementUnit>01</MeasurementUnit>
		</MeasureImported>
		<TotalEmissions>
			<EmissionsPerUnit>5</EmissionsPerUnit>
			<OverallEmissions>5</OverallEmissions>
			<TotalDirect>5</TotalDirect>
			<TotalIndirect>5</TotalIndirect>
			<MeasurementUnit>01</MeasurementUnit>
		</TotalEmissions>
		<GoodsEmissions>
			<SequenceNumber>36</SequenceNumber>
			<ProductionCountry>US</ProductionCountry>
			<InstallationOperator>
				<OperatorId>I369</OperatorId>
				<OperatorName>Name 36</OperatorName>
				<OperatorAddress>
					<Country>US</Country>
					<City>City 36</City>
				</OperatorAddress>
				<ContactDetails>
					<Name>Name 36</Name>
					<Phone>201-111-1146</Phone>
					<Email>email 36</Email>
				</ContactDetails>
			</InstallationOperator>
			<ProducedMeasure>
				<NetMass>5</NetMass>
				<MeasurementUnit>01</MeasurementUnit>
			</ProducedMeasure>
			<InstallationEmissions>
				<OverallEmissions>5</OverallEmissions>
				<TotalDirect>5</TotalDirect>
				<TotalIndirect>5</TotalIndirect>
				<MeasurementUnit>g</MeasurementUnit>
			</InstallationEmissions>
			<DirectEmissions>
				<DeterminationType>02</DeterminationType>
				<ApplicableReportingTypeMethodology>TOM01</ApplicableReportingTypeMethodology>
				<MeasurementUnit>01</MeasurementUnit>
			</DirectEmissions>
			<IndirectEmissions>
				<DeterminationType>02</DeterminationType>
				<SpecificEmbeddedEmissions>0.39</SpecificEmbeddedEmissions>
				<MeasurementUnit>01</MeasurementUnit>
				<ElectricitySource>SOE03</ElectricitySource>
			</IndirectEmissions>
			<ProdMethodQualifyingParams>
				<SequenceNumber>36</SequenceNumber>
				<MethodId>P34</MethodId>
				<MethodName>Iron or steel products</MethodName>
			</ProdMethodQualifyingParams>
		</GoodsEmissions>
	</ImportedGood>
	<ImportedGood>
		<ItemNumber>37</ItemNumber>
		<CommodityCode>
			<HsCode>732690</HsCode>
			<CnCode>98</CnCode>
			<CommodityDetails>
				<Description>Other articles of iron or steel</Description>
			</CommodityDetails>
		</CommodityCode>
		<OriginCountry>
			<Country>IN</Country>
		</OriginCountry>
		<ImportedQuantity>
			<SequenceNumber>37</SequenceNumber>
			<Procedure>
				<RequestedProc>01</RequestedProc>
			</Procedure>
			<ImportArea>
				<ImportArea>EU</ImportArea>
			</ImportArea>
			<MeasureProcedureImported>
				<Indicator>01</Indicator>
				<NetMass>5</NetMass>
				<MeasurementUnit>01</MeasurementUnit>
			</MeasureProcedureImported>
		</ImportedQuantity>
		<MeasureImported>
			<NetMass>0.0030</NetMass>
			<MeasurementUnit>01</MeasurementUnit>
		</MeasureImported>
		<TotalEmissions>
			<EmissionsPerUnit>5</EmissionsPerUnit>
			<OverallEmissions>5</OverallEmissions>
			<TotalDirect>5</TotalDirect>
			<TotalIndirect>5</TotalIndirect>
			<MeasurementUnit>01</MeasurementUnit>
		</TotalEmissions>
		<GoodsEmissions>
			<SequenceNumber>37</SequenceNumber>
			<ProductionCountry>IN</ProductionCountry>
			<InstallationOperator>
				<OperatorId>SUN1</OperatorId>
				<OperatorName>Name 37</OperatorName>
				<OperatorAddress>
					<Country>IN</Country>
					<City>City 37</City>
				</OperatorAddress>
				<ContactDetails>
					<Name>Name 37</Name>
					<Phone>201-111-1147</Phone>
					<Email>email 37</Email>
				</ContactDetails>
			</InstallationOperator>
			<ProducedMeasure>
				<NetMass>5</NetMass>
				<MeasurementUnit>01</MeasurementUnit>
			</ProducedMeasure>
			<InstallationEmissions>
				<OverallEmissions>55</OverallEmissions>
				<TotalDirect>5</TotalDirect>
				<TotalIndirect>5</TotalIndirect>
				<MeasurementUnit>g</MeasurementUnit>
			</InstallationEmissions>
			<DirectEmissions>
				<DeterminationType>02</DeterminationType>
				<ApplicableReportingTypeMethodology>TOM01</ApplicableReportingTypeMethodology>
				<MeasurementUnit>01</MeasurementUnit>
			</DirectEmissions>
			<IndirectEmissions>
				<DeterminationType>02</DeterminationType>
				<SpecificEmbeddedEmissions>0.39</SpecificEmbeddedEmissions>
				<MeasurementUnit>01</MeasurementUnit>
				<ElectricitySource>SOE03</ElectricitySource>
			</IndirectEmissions>
			<ProdMethodQualifyingParams>
				<SequenceNumber>37</SequenceNumber>
				<MethodId>P34</MethodId>
				<MethodName>Iron or steel products</MethodName>
			</ProdMethodQualifyingParams>
		</GoodsEmissions>
	</ImportedGood>
	<ImportedGood>
		<ItemNumber>38</ItemNumber>
		<CommodityCode>
			<HsCode>761610</HsCode>
			<CnCode>00</CnCode>
			<CommodityDetails>
				<Description>Nails, tacks, staples (other than those of heading 8305), screws, bolts, nuts, screw hooks, rivets, cotters, cotter pins, washers and similar articles</Description>
			</CommodityDetails>
		</CommodityCode>
		<OriginCountry>
			<Country>US</Country>
		</OriginCountry>
		<ImportedQuantity>
			<SequenceNumber>38</SequenceNumber>
			<Procedure>
				<RequestedProc>01</RequestedProc>
			</Procedure>
			<ImportArea>
				<ImportArea>EU</ImportArea>
			</ImportArea>
			<MeasureProcedureImported>
				<Indicator>01</Indicator>
				<NetMass>5</NetMass>
				<MeasurementUnit>01</MeasurementUnit>
			</MeasureProcedureImported>
		</ImportedQuantity>
		<MeasureImported>
			<NetMass>0.0505</NetMass>
			<MeasurementUnit>01</MeasurementUnit>
		</MeasureImported>
		<TotalEmissions>
			<EmissionsPerUnit>5</EmissionsPerUnit>
			<OverallEmissions>5</OverallEmissions>
			<TotalDirect>5</TotalDirect>
			<TotalIndirect>5</TotalIndirect>
			<MeasurementUnit>01</MeasurementUnit>
		</TotalEmissions>
		<GoodsEmissions>
			<SequenceNumber>38</SequenceNumber>
			<ProductionCountry>US</ProductionCountry>
			<InstallationOperator>
				<OperatorId>G0178</OperatorId>
				<OperatorName>Name 38</OperatorName>
				<OperatorAddress>
					<Country>US</Country>
					<City>City 38</City>
				</OperatorAddress>
				<ContactDetails>
					<Name>Name 38</Name>
					<Phone>201-111-1148</Phone>
					<Email>email 38</Email>
				</ContactDetails>
			</InstallationOperator>
			<ProducedMeasure>
				<NetMass>5</NetMass>
				<MeasurementUnit>01</MeasurementUnit>
			</ProducedMeasure>
			<InstallationEmissions>
				<OverallEmissions>5</OverallEmissions>
				<TotalDirect>5</TotalDirect>
				<TotalIndirect>5</TotalIndirect>
				<MeasurementUnit>g</MeasurementUnit>
			</InstallationEmissions>
			<DirectEmissions>
				<DeterminationType>02</DeterminationType>
				<ApplicableReportingTypeMethodology>TOM01</ApplicableReportingTypeMethodology>
				<MeasurementUnit>01</MeasurementUnit>
			</DirectEmissions>
			<IndirectEmissions>
				<DeterminationType>02</DeterminationType>
				<SpecificEmbeddedEmissions>9.25</SpecificEmbeddedEmissions>
				<MeasurementUnit>01</MeasurementUnit>
				<ElectricitySource>SOE03</ElectricitySource>
			</IndirectEmissions>
			<ProdMethodQualifyingParams>
				<SequenceNumber>38</SequenceNumber>
				<MethodId>P45</MethodId>
				<MethodName>Aluminium products</MethodName>
			</ProdMethodQualifyingParams>
		</GoodsEmissions>
	</ImportedGood>
	<ImportedGood>
		<ItemNumber>39</ItemNumber>
		<CommodityCode>
			<HsCode>761699</HsCode>
			<CnCode>90</CnCode>
			<CommodityDetails>
				<Description>Other - Other, Aluminum</Description>
			</CommodityDetails>
		</CommodityCode>
		<OriginCountry>
			<Country>US</Country>
		</OriginCountry>
		<ImportedQuantity>
			<SequenceNumber>39</SequenceNumber>
			<Procedure>
				<RequestedProc>01</RequestedProc>
			</Procedure>
			<ImportArea>
				<ImportArea>EU</ImportArea>
			</ImportArea>
			<MeasureProcedureImported>
				<Indicator>01</Indicator>
				<NetMass>5</NetMass>
				<MeasurementUnit>01</MeasurementUnit>
			</MeasureProcedureImported>
		</ImportedQuantity>
		<MeasureImported>
			<NetMass>0.0000</NetMass>
			<MeasurementUnit>01</MeasurementUnit>
		</MeasureImported>
		<TotalEmissions>
			<EmissionsPerUnit>5</EmissionsPerUnit>
			<OverallEmissions>5</OverallEmissions>
			<TotalDirect>5</TotalDirect>
			<TotalIndirect>5</TotalIndirect>
			<MeasurementUnit>01</MeasurementUnit>
		</TotalEmissions>
		<GoodsEmissions>
			<SequenceNumber>39</SequenceNumber>
			<ProductionCountry>US</ProductionCountry>
			<InstallationOperator>
				<OperatorId>H218</OperatorId>
				<OperatorName>Name 39</OperatorName>
				<OperatorAddress>
					<Country>US</Country>
					<City>City 39</City>
				</OperatorAddress>
				<ContactDetails>
					<Name>Name 39</Name>
					<Phone>201-111-1149</Phone>
					<Email>email 39</Email>
				</ContactDetails>
			</InstallationOperator>
			<ProducedMeasure>
				<NetMass>5</NetMass>
				<MeasurementUnit>01</MeasurementUnit>
			</ProducedMeasure>
			<InstallationEmissions>
				<OverallEmissions>5</OverallEmissions>
				<TotalDirect>5</TotalDirect>
				<TotalIndirect>5</TotalIndirect>
				<MeasurementUnit>g</MeasurementUnit>
			</InstallationEmissions>
			<DirectEmissions>
				<DeterminationType>02</DeterminationType>
				<ApplicableReportingTypeMethodology>TOM01</ApplicableReportingTypeMethodology>
				<MeasurementUnit>01</MeasurementUnit>
			</DirectEmissions>
			<IndirectEmissions>
				<DeterminationType>02</DeterminationType>
				<SpecificEmbeddedEmissions>9.25</SpecificEmbeddedEmissions>
				<MeasurementUnit>01</MeasurementUnit>
				<ElectricitySource>SOE03</ElectricitySource>
			</IndirectEmissions>
			<ProdMethodQualifyingParams>
				<SequenceNumber>39</SequenceNumber>
				<MethodId>P45</MethodId>
				<MethodName>Aluminium products</MethodName>
			</ProdMethodQualifyingParams>
		</GoodsEmissions>
	</ImportedGood>
</QReport>
